***Starting server on port 53311 ***
Loading net-file from '/home/naderian/Desktop/Shakiba/Shakiba97-MMSVCC/MMSVCC/environment/network_model/single_intersection_pedestrian_X.net.xml' ... done (5ms).
Loading additional-files from '/home/naderian/Desktop/Shakiba/Shakiba97-MMSVCC/MMSVCC/environment/network_model/single_intersection_Exclusive.add.xml' ... done (0ms).
Warning: Unused states in tlLogic '1', program '0' in phase 0 after tl-index 20
Warning: Missing yellow phase in tlLogic '1', program '0' for tl-index 7 when switching to phase 1.
Warning: Unused states in tlLogic '1', program 'my_program' in phase 0 after tl-index 20
Warning: Missing yellow phase in tlLogic '1', program 'my_program' for tl-index 8 when switching to phase 1.
Warning: Missing yellow phase in tlLogic '1', program 'my_program' for tl-index 0 when switching to phase 2.
Warning: Missing yellow phase in tlLogic '1', program 'my_program' for tl-index 8 when switching to phase 3.
Warning: Missing yellow phase in tlLogic '1', program 'my_program' for tl-index 3 when switching to phase 4.
Warning: Missing yellow phase in tlLogic '1', program 'my_program' for tl-index 4 when switching to phase 5.
Warning: Missing yellow phase in tlLogic '1', program 'my_program' for tl-index 0 when switching to phase 6.
Warning: Missing yellow phase in tlLogic '1', program 'my_program' for tl-index 4 when switching to phase 7.
Warning: Missing yellow phase in tlLogic '1', program 'my_program' for tl-index 0 when switching to phase 8.
Loading route-files incrementally from '/home/naderian/Desktop/Shakiba/Shakiba97-MMSVCC/MMSVCC/environment/network_model/single_intersection.rou.xml'
Loading done.
Simulation version 1.24.0 started with time: 0.00.
/home/naderian/Desktop/Shakiba/Shakiba97-MMSVCC/MMSVCC/agent/mpc_agent.py:35: UserWarning: The GAMS version (48.7.0) differs from the API version (51.1.0).
  self.ws = GamsWorkspace(self.models_dir, system_directory=gams_dir, debug=1)

[1/120]

============================================================
Running: Exclusive | weight=(0.8, 0.2) | LowPed | seed=10
============================================================
--------Building SUMO network...
--------SUMO network built.
--------Generating vehicles and routes
--------Vehicles and routes generated.
 Retrying in 1 seconds
----step 0
--------It's time to update MPC solutions!
----step 1
--------It's time to update MPC solutions!
--------Solve intersection:  1
_gams_py_gdb0
-2.4138942242968717
0.0
Vehicle cost at this point:  -0.34484203204241015
Pedestrian cost at this point:  0.0
objective function at this point: -0.27587362563392814
extension steps:  1
----step 2
----step 3
----step 4
----step 5
----step 6
----step 7
----step 8
----step 9
----step 10
--------It's time to update MPC solutions!
--------Solve intersection:  1
_gams_py_gdb4
-8.457802738613278
0.0
Vehicle cost at this point:  -2.071673036132812
Pedestrian cost at this point:  0.0
objective function at this point: -1.6573384289062496
extension steps:  1
----step 11
----step 12
----step 13
----step 14
----step 15
----step 16
----step 17
----step 18
----step 19
----step 20
--------It's time to update MPC solutions!
--------Solve intersection:  1
_gams_py_gdb12
-12.958903543667557
0.0
Vehicle cost at this point:  -3.137300736253728
Pedestrian cost at this point:  0.0
objective function at this point: -2.5098405890029825
extension steps:  1
----step 21
----step 22
----step 23
----step 24
----step 25
----step 26
----step 27
----step 28
----step 29
----step 30
--------It's time to update MPC solutions!
--------Solve intersection:  1
_gams_py_gdb22
-18.577390416777597
0.0
Vehicle cost at this point:  -5.0618358623011055
Pedestrian cost at this point:  0.0
objective function at this point: -4.049468689840885
extension steps:  1
----step 31
----step 32
----step 33
----step 34
----step 35
----step 36
----step 37
----step 38
----step 39
----step 40
--------It's time to update MPC solutions!
--------Solve intersection:  1
_gams_py_gdb34
-23.27269432907775
0.0
Vehicle cost at this point:  -6.0077014254683325
Pedestrian cost at this point:  0.0
objective function at this point: -4.806161140374666
extension steps:  1
----step 41
----step 42
----step 43
----step 44
----step 45
----step 46
----step 47
----step 48
----step 49
----step 50
--------It's time to update MPC solutions!
--------Solve intersection:  1
_gams_py_gdb46
-24.115141226629195
0.0
Vehicle cost at this point:  -4.046767959198056
Pedestrian cost at this point:  0.0
objective function at this point: -3.2374143673584452
----step 51
----step 52
----step 53
----step 54
----step 55
----step 56
----step 57
----step 58
----step 59
----step 60
----step 61
----step 62
----step 63
----step 64
--------It's time to update MPC solutions!
--------Solve intersection:  1
_gams_py_gdb58
-28.943625025998134
0.0
Vehicle cost at this point:  -8.273503974601704
Pedestrian cost at this point:  0.0
objective function at this point: -6.618803179681364
extension steps:  1
----step 65
----step 66
----step 67
----step 68
----step 69
----step 70
----step 71
----step 72
----step 73
----step 74
--------It's time to update MPC solutions!
--------Solve intersection:  1
_gams_py_gdb74
-30.725691233581497
0.0
Vehicle cost at this point:  -6.171450669523573
Pedestrian cost at this point:  0.0
objective function at this point: -4.937160535618858
extension steps:  1
----step 75
----step 76
----step 77
----step 78
----step 79
----step 80
----step 81
----step 82
----step 83
----step 84
--------It's time to update MPC solutions!
--------Solve intersection:  1
_gams_py_gdb94
-31.032068239926048
0.0
Vehicle cost at this point:  -4.783297755811774
Pedestrian cost at this point:  0.0
objective function at this point: -3.8266382046494196
extension steps:  1
----step 85
----step 86
----step 87
----step 88
----step 89
----step 90
----step 91
----step 92
----step 93
----step 94
--------It's time to update MPC solutions!
--------Solve intersection:  1
_gams_py_gdb116
-31.31677535509371
0.0
Vehicle cost at this point:  -4.839877055943221
Pedestrian cost at this point:  0.0
objective function at this point: -3.871901644754577
extension steps:  1
----step 95
----step 96
----step 97
----step 98
----step 99
----step 100
----step 101
----step 102
----step 103
----step 104
--------It's time to update MPC solutions!
--------Solve intersection:  1
_gams_py_gdb136
-31.846172127135397
0.0
Vehicle cost at this point:  -5.30573426393604
Pedestrian cost at this point:  0.0
objective function at this point: -4.244587411148832
----step 105
----step 106
----step 107
----step 108
----step 109
----step 110
----step 111
----step 112
----step 113
----step 114
----step 115
----step 116
----step 117
----step 118
--------It's time to update MPC solutions!
--------Solve intersection:  1
_gams_py_gdb154
-35.865441287016004
0.0
Vehicle cost at this point:  -11.439628863671809
Pedestrian cost at this point:  0.0
objective function at this point: -9.151703090937447
extension steps:  1
----step 119
----step 120
----step 121
----step 122
----step 123
----step 124
----step 125
----step 126
----step 127
----step 128
--------It's time to update MPC solutions!
--------Solve intersection:  1
_gams_py_gdb172
-35.3609423760121
0.0
Vehicle cost at this point:  -4.186707920566448
Pedestrian cost at this point:  0.0
objective function at this point: -3.3493663364531585
extension steps:  1
----step 129
----step 130
----step 131
----step 132
----step 133
----step 134
----step 135
----step 136
----step 137
----step 138
--------It's time to update MPC solutions!
--------Solve intersection:  1
_gams_py_gdb190
-34.41156707324143
0.0
Vehicle cost at this point:  -3.1528125910318168
Pedestrian cost at this point:  0.0
objective function at this point: -2.5222500728254538
extension steps:  1
----step 139
----step 140
----step 141
----step 142
----step 143
----step 144
----step 145
----step 146
----step 147
----step 148
--------It's time to update MPC solutions!
--------Solve intersection:  1
_gams_py_gdb208
-32.92300106485865
0.0
Vehicle cost at this point:  -1.726153849642821
Pedestrian cost at this point:  0.0
objective function at this point: -1.3809230797142569
----step 149
----step 150
----step 151
----step 152
----step 153
----step 154
----step 155
----step 156
----step 157
----step 158
----step 159
----step 160
----step 161
----step 162
--------It's time to update MPC solutions!
--------Solve intersection:  1
_gams_py_gdb224
-32.86164761737058
0.0
Vehicle cost at this point:  -4.563049415007081
Pedestrian cost at this point:  0.0
objective function at this point: -3.650439532005665
extension steps:  1
----step 163
----step 164
----step 165
----step 166
----step 167
----step 168
----step 169
----step 170
----step 171
----step 172
--------It's time to update MPC solutions!
--------Solve intersection:  1
_gams_py_gdb244
-31.108691969837633
0.0
Vehicle cost at this point:  -0.437343087044379
Pedestrian cost at this point:  0.0
objective function at this point: -0.3498744696355032
----step 173
----step 174
----step 175
----step 176
----step 177
----step 178
----step 179
----step 180
----step 181
----step 182
----step 183
----step 184
----step 185
----step 186
--------It's time to update MPC solutions!
--------Solve intersection:  1
_gams_py_gdb258
-31.4961571189474
0.0
Vehicle cost at this point:  -5.440437807687628
Pedestrian cost at this point:  0.0
objective function at this point: -4.3523502461501025
extension steps:  1
----step 187
----step 188
----step 189
----step 190
----step 191
----step 192
----step 193
----step 194
----step 195
----step 196
--------It's time to update MPC solutions!
--------Solve intersection:  1
_gams_py_gdb274
-30.696362804675488
0.0
Vehicle cost at this point:  -2.3285807353972876
Pedestrian cost at this point:  0.0
objective function at this point: -1.86286458831783
extension steps:  1
----step 197
----step 198
----step 199
----step 200
----step 201
----step 202
----step 203
----step 204
----step 205
----step 206
--------It's time to update MPC solutions!
--------Solve intersection:  1
_gams_py_gdb290
-29.922810347018967
0.0
Vehicle cost at this point:  -2.175044807363607
Pedestrian cost at this point:  0.0
objective function at this point: -1.7400358458908856
extension steps:  1
----step 207
----step 208
----step 209
----step 210
----step 211
----step 212
----step 213
----step 214
----step 215
----step 216
--------It's time to update MPC solutions!
--------Solve intersection:  1
_gams_py_gdb304
-28.942239198874326
0.0
Vehicle cost at this point:  -1.3329737479973458
Pedestrian cost at this point:  0.0
objective function at this point: -1.0663789983978766
----step 217
----step 218
----step 219
----step 220
----step 221
----step 222
----step 223
----step 224
----step 225
----step 226
----step 227
----step 228
----step 229
----step 230
--------It's time to update MPC solutions!
--------Solve intersection:  1
_gams_py_gdb318
-29.606848493869876
0.0
Vehicle cost at this point:  -6.223377669825179
Pedestrian cost at this point:  0.0
objective function at this point: -4.978702135860143
extension steps:  1
----step 231
----step 232
----step 233
----step 234
----step 235
----step 236
----step 237
----step 238
----step 239
----step 240
--------It's time to update MPC solutions!
--------Solve intersection:  1
_gams_py_gdb334
-29.799808188751236
0.0
Vehicle cost at this point:  -4.8635602108773375
Pedestrian cost at this point:  0.0
objective function at this point: -3.8908481687018703
----step 241
----step 242
----step 243
----step 244
----step 245
----step 246
----step 247
----step 248
----step 249
----step 250
----step 251
----step 252
----step 253
----step 254
--------It's time to update MPC solutions!
--------Solve intersection:  1
_gams_py_gdb344
-32.04027105058258
0.0
Vehicle cost at this point:  -11.938702410386254
Pedestrian cost at this point:  0.0
objective function at this point: -9.550961928309004
extension steps:  1
----step 255
----step 256
----step 257
----step 258
----step 259
----step 260
----step 261
----step 262
----step 263
----step 264
--------It's time to update MPC solutions!
--------Solve intersection:  1
_gams_py_gdb360
-32.53301690567046
0.0
Vehicle cost at this point:  -6.336988203968453
Pedestrian cost at this point:  0.0
objective function at this point: -5.069590563174763
extension steps:  1
----step 265
----step 266
----step 267
----step 268
----step 269
----step 270
----step 271
----step 272
----step 273
----step 274
--------It's time to update MPC solutions!
--------Solve intersection:  1
_gams_py_gdb376
-33.43823847175443
0.0
Vehicle cost at this point:  -8.009825374836204
Pedestrian cost at this point:  0.0
objective function at this point: -6.407860299868964
extension steps:  1
----step 275
----step 276
----step 277
----step 278
----step 279
----step 280
----step 281
----step 282
----step 283
----step 284
--------It's time to update MPC solutions!
--------Solve intersection:  1
_gams_py_gdb396
-33.57668258955438
0.0
Vehicle cost at this point:  -5.310889950336146
Pedestrian cost at this point:  0.0
objective function at this point: -4.248711960268917
extension steps:  1
----step 285
----step 286
----step 287
----step 288
----step 289
----step 290
----step 291
----step 292
----step 293
----step 294
--------It's time to update MPC solutions!
--------Solve intersection:  1
_gams_py_gdb414
-33.3951928327061
0.0
Vehicle cost at this point:  -4.070709913971875
Pedestrian cost at this point:  0.0
objective function at this point: -3.2565679311775
extension steps:  1
----step 295
----step 296
----step 297
----step 298
----step 299
----step 300
----step 301
----step 302
----step 303
----step 304
--------It's time to update MPC solutions!
--------Solve intersection:  1
_gams_py_gdb434
-32.75466871753102
0.0
Vehicle cost at this point:  -2.1171419275183405
Pedestrian cost at this point:  0.0
objective function at this point: -1.6937135420146725
extension steps:  1
----step 305
----step 306
----step 307
----step 308
----step 309
----step 310
----step 311
----step 312
----step 313
----step 314
--------It's time to update MPC solutions!
--------Solve intersection:  1
_gams_py_gdb454
-32.23036188188503
0.0
Vehicle cost at this point:  -2.4322090925931334
Pedestrian cost at this point:  0.0
objective function at this point: -1.945767274074507
----step 315
----step 316
----step 317
----step 318
----step 319
----step 320
----step 321
----step 322
----step 323
----step 324
----step 325
----step 326
----step 327
----step 328
--------It's time to update MPC solutions!
--------Solve intersection:  1
_gams_py_gdb474
-32.834189764978404
0.0
Vehicle cost at this point:  -7.278432322539911
Pedestrian cost at this point:  0.0
objective function at this point: -5.822745858031929
extension steps:  1
----step 329
----step 330
----step 331
----step 332
----step 333
----step 334
----step 335
----step 336
----step 337
----step 338
--------It's time to update MPC solutions!
--------Solve intersection:  1
_gams_py_gdb496
-32.45650261523234
0.0
Vehicle cost at this point:  -2.9640287104433716
Pedestrian cost at this point:  0.0
objective function at this point: -2.3712229683546973
----step 339
----step 340
----step 341
----step 342
----step 343
----step 344
----step 345
----step 346
----step 347
----step 348
----step 349
----step 350
----step 351
----step 352
--------It's time to update MPC solutions!
--------Solve intersection:  1
_gams_py_gdb514
-33.46021619770174
0.0
Vehicle cost at this point:  -9.368435833817559
Pedestrian cost at this point:  0.0
objective function at this point: -7.494748667054047
extension steps:  1
----step 353
----step 354
----step 355
----step 356
----step 357
----step 358
----step 359
----step 360
----step 361
----step 362
--------It's time to update MPC solutions!
--------Solve intersection:  1
_gams_py_gdb538
-32.699763566084215
0.0
Vehicle cost at this point:  -1.0864038175293662
Pedestrian cost at this point:  0.0
objective function at this point: -0.869123054023493
----step 363
----step 364
----step 365
----step 366
----step 367
----step 368
----step 369
----step 370
----step 371
----step 372
----step 373
----step 374
----step 375
----step 376
--------It's time to update MPC solutions!
--------Solve intersection:  1
_gams_py_gdb560
-32.73525542628554
0.0
Vehicle cost at this point:  -4.84885409616146
Pedestrian cost at this point:  0.0
objective function at this point: -3.8790832769291685
extension steps:  1
----step 377
----step 378
----step 379
----step 380
----step 381
----step 382
----step 383
----step 384
----step 385
----step 386
--------It's time to update MPC solutions!
--------Solve intersection:  1
_gams_py_gdb584
-32.70947815127312
0.0
Vehicle cost at this point:  -4.5438962179768945
Pedestrian cost at this point:  0.0
objective function at this point: -3.635116974381516
----step 387
----step 388
----step 389
----step 390
----step 391
----step 392
----step 393
----step 394
----step 395
----step 396
----step 397
----step 398
----step 399
----step 400
--------It's time to update MPC solutions!
--------Solve intersection:  1
_gams_py_gdb604
-33.86423345496286
0.0
Vehicle cost at this point:  -10.776489198256138
Pedestrian cost at this point:  0.0
objective function at this point: -8.62119135860491
extension steps:  1
----step 401
----step 402
----step 403
----step 404
----step 405
----step 406
----step 407
----step 408
----step 409
----step 410
--------It's time to update MPC solutions!
--------Solve intersection:  1
_gams_py_gdb622
-33.81837532193149
0.0
Vehicle cost at this point:  -4.588803485681526
Pedestrian cost at this point:  0.0
objective function at this point: -3.6710427885452206
extension steps:  1
----step 411
----step 412
----step 413
----step 414
----step 415
----step 416
----step 417
----step 418
----step 419
----step 420
--------It's time to update MPC solutions!
--------Solve intersection:  1
_gams_py_gdb640
-33.78467472960286
0.0
Vehicle cost at this point:  -4.643436031587859
Pedestrian cost at this point:  0.0
objective function at this point: -3.7147488252702874
extension steps:  1
----step 421
----step 422
----step 423
----step 424
----step 425
----step 426
----step 427
----step 428
----step 429
----step 430
--------It's time to update MPC solutions!
--------Solve intersection:  1
_gams_py_gdb660
-33.72336061663166
0.0
Vehicle cost at this point:  -4.476015744393585
Pedestrian cost at this point:  0.0
objective function at this point: -3.5808125955148684
extension steps:  1
----step 431
----step 432
----step 433
----step 434
----step 435
----step 436
----step 437
----step 438
----step 439
----step 440
--------It's time to update MPC solutions!
--------Solve intersection:  1
_gams_py_gdb680
-33.92460203907404
0.0
Vehicle cost at this point:  -5.996322705252708
Pedestrian cost at this point:  0.0
objective function at this point: -4.797058164202166
----step 441
----step 442
----step 443
----step 444
----step 445
----step 446
----step 447
----step 448
----step 449
----step 450
----step 451
----step 452
----step 453
----step 454
--------It's time to update MPC solutions!
--------Solve intersection:  1
_gams_py_gdb698
-35.433852119355684
0.0
Vehicle cost at this point:  -13.901872201557609
Pedestrian cost at this point:  0.0
objective function at this point: -11.121497761246088
extension steps:  1
----step 455
----step 456
----step 457
----step 458
----step 459
----step 460
----step 461
----step 462
----step 463
----step 464
--------It's time to update MPC solutions!
--------Solve intersection:  1
_gams_py_gdb720
-35.3243152286739
0.0
Vehicle cost at this point:  -4.389109402862783
Pedestrian cost at this point:  0.0
objective function at this point: -3.5112875222902264
extension steps:  1
----step 465
----step 466
----step 467
----step 468
----step 469
----step 470
----step 471
----step 472
----step 473
----step 474
--------It's time to update MPC solutions!
--------Solve intersection:  1
_gams_py_gdb738
-35.07152517453217
0.0
Vehicle cost at this point:  -3.4573646923480976
Pedestrian cost at this point:  0.0
objective function at this point: -2.765891753878478
----step 475
----step 476
----step 477
----step 478
----step 479
----step 480
----step 481
----step 482
----step 483
----step 484
----step 485
----step 486
----step 487
----step 488
--------It's time to update MPC solutions!
--------Solve intersection:  1
_gams_py_gdb760
-35.75447927257384
0.0
Vehicle cost at this point:  -9.400637083772509
Pedestrian cost at this point:  0.0
objective function at this point: -7.520509667018008
extension steps:  1
----step 489
----step 490
----step 491
----step 492
----step 493
----step 494
----step 495
----step 496
----step 497
----step 498
--------It's time to update MPC solutions!
--------Solve intersection:  1
_gams_py_gdb782
-35.11196535283149
0.0
Vehicle cost at this point:  -0.8855484234894653
Pedestrian cost at this point:  0.0
objective function at this point: -0.7084387387915723
----step 499
----step 500
----step 501
----step 502
----step 503
----step 504
----step 505
----step 506
----step 507
----step 508
----step 509
----step 510
----step 511
----step 512
--------It's time to update MPC solutions!
--------Solve intersection:  1
_gams_py_gdb804
-35.326748346641075
0.0
Vehicle cost at this point:  -6.458109437411543
Pedestrian cost at this point:  0.0
objective function at this point: -5.166487549929235
extension steps:  1
----step 513
----step 514
----step 515
----step 516
----step 517
----step 518
----step 519
----step 520
----step 521
----step 522
--------It's time to update MPC solutions!
--------Solve intersection:  1
_gams_py_gdb826
-35.07834621678649
0.0
Vehicle cost at this point:  -3.343349444803145
Pedestrian cost at this point:  0.0
objective function at this point: -2.6746795558425163
----step 523
----step 524
----step 525
----step 526
----step 527
----step 528
----step 529
----step 530
----step 531
----step 532
----step 533
----step 534
----step 535
----step 536
--------It's time to update MPC solutions!
--------Solve intersection:  1
_gams_py_gdb848
-35.554872086074425
0.0
Vehicle cost at this point:  -8.346873401699282
Pedestrian cost at this point:  0.0
objective function at this point: -6.677498721359426
extension steps:  1
----step 537
----step 538
----step 539
----step 540
----step 541
----step 542
----step 543
----step 544
----step 545
----step 546
--------It's time to update MPC solutions!
--------Solve intersection:  1
_gams_py_gdb870
-35.63374635468851
0.0
Vehicle cost at this point:  -5.642655073825469
Pedestrian cost at this point:  0.0
objective function at this point: -4.514124059060375
extension steps:  1
----step 547
----step 548
----step 549
----step 550
----step 551
----step 552
----step 553
----step 554
----step 555
----step 556
--------It's time to update MPC solutions!
--------Solve intersection:  1
_gams_py_gdb894
-35.567490098294165
0.0
Vehicle cost at this point:  -4.6078110397966245
Pedestrian cost at this point:  0.0
objective function at this point: -3.6862488318373
----step 557
----step 558
----step 559
----step 560
----step 561
----step 562
----step 563
----step 564
----step 565
----step 566
----step 567
----step 568
----step 569
----step 570
--------It's time to update MPC solutions!
--------Solve intersection:  1
_gams_py_gdb916
-36.54202315129633
0.0
Vehicle cost at this point:  -12.320458407772486
Pedestrian cost at this point:  0.0
objective function at this point: -9.85636672621799
extension steps:  1
----step 571
----step 572
----step 573
----step 574
----step 575
----step 576
----step 577
----step 578
----step 579
----step 580
--------It's time to update MPC solutions!
--------Solve intersection:  1
_gams_py_gdb940
-36.68806123022612
0.0
Vehicle cost at this point:  -6.326005904939244
Pedestrian cost at this point:  0.0
objective function at this point: -5.060804723951396
extension steps:  1
----step 581
----step 582
----step 583
----step 584
----step 585
----step 586
----step 587
----step 588
----step 589
----step 590
--------It's time to update MPC solutions!
--------Solve intersection:  1
_gams_py_gdb964
-36.487015528970645
0.0
Vehicle cost at this point:  -3.6902276232043634
Pedestrian cost at this point:  0.0
objective function at this point: -2.952182098563491
----step 591
----step 592
----step 593
----step 594
----step 595
----step 596
----step 597
----step 598
----step 599
----step 600
----step 601
----step 602
----step 603
----step 604
--------It's time to update MPC solutions!
--------Solve intersection:  1
_gams_py_gdb988
-37.12414717500925
0.0
Vehicle cost at this point:  -10.2184651515848
Pedestrian cost at this point:  0.0
objective function at this point: -8.174772121267841
extension steps:  1
----step 605
----step 606
----step 607
----step 608
----step 609
----step 610
----step 611
----step 612
----step 613
----step 614
--------It's time to update MPC solutions!
--------Solve intersection:  1
_gams_py_gdb1012
-37.014989420560724
0.0
Vehicle cost at this point:  -4.43018756084178
Pedestrian cost at this point:  0.0
objective function at this point: -3.5441500486734245
extension steps:  1
----step 615
----step 616
----step 617
----step 618
----step 619
----step 620
----step 621
----step 622
----step 623
----step 624
--------It's time to update MPC solutions!
--------Solve intersection:  1
_gams_py_gdb1038
-36.37740134320108
0.0
Vehicle cost at this point:  -0.09606700158009687
Pedestrian cost at this point:  0.0
objective function at this point: -0.0768536012640775
----step 625
----step 626
----step 627
----step 628
----step 629
----step 630
----step 631
----step 632
----step 633
----step 634
----step 635
----step 636
----step 637
----step 638
--------It's time to update MPC solutions!
--------Solve intersection:  1
_gams_py_gdb1062
-36.545132393345604
0.0
Vehicle cost at this point:  -6.586543178797534
Pedestrian cost at this point:  0.0
objective function at this point: -5.269234543038028
extension steps:  1
----step 639
----step 640
----step 641
----step 642
----step 643
----step 644
----step 645
----step 646
----step 647
----step 648
--------It's time to update MPC solutions!
--------Solve intersection:  1
_gams_py_gdb1084
-36.027824640945425
0.0
Vehicle cost at this point:  -0.8605678573908278
Pedestrian cost at this point:  0.0
objective function at this point: -0.6884542859126622
extension steps:  1
----step 649
----step 650
----step 651
----step 652
----step 653
----step 654
----step 655
----step 656
----step 657
----step 658
--------It's time to update MPC solutions!
Warning: Person 'person_ES_diag.0' is jammed on edge ':1_w1', time=382.00.
Warning: Person 'person_NS_w.0' is jammed on edge ':1_w0', time=402.50.
Warning: Person 'person_SN_e.0' is jammed on edge ':1_w2', time=423.00.
Warning: Person 'person_WE_s.0' is jammed on edge ':1_w3', time=433.50.
Warning: Person 'person_NE_diag.0' is jammed on edge ':1_w0', time=438.50.
Warning: Person 'person_NS_w.1' is jammed on edge ':1_w0', time=440.00.
--------Solve intersection:  1
_gams_py_gdb1104
-35.70528025654246
0.0
Vehicle cost at this point:  -2.3821659395383827
Pedestrian cost at this point:  0.0
objective function at this point: -1.9057327516307063
extension steps:  1
----step 659
----step 660
----step 661
----step 662
----step 663
----step 664
----step 665
----step 666
----step 667
----step 668
--------It's time to update MPC solutions!
--------Solve intersection:  1
_gams_py_gdb1124
-35.22754178085926
0.0
Vehicle cost at this point:  -0.9376047485525703
Pedestrian cost at this point:  0.0
objective function at this point: -0.7500837988420562
----step 669
----step 670
----step 671
----step 672
----step 673
----step 674
----step 675
----step 676
----step 677
----step 678
----step 679
----step 680
----step 681
----step 682
--------It's time to update MPC solutions!
--------Solve intersection:  1
_gams_py_gdb1142
-35.26557613203637
0.0
Vehicle cost at this point:  -5.369381650548422
Pedestrian cost at this point:  0.0
objective function at this point: -4.295505320438738
extension steps:  1
----step 683
----step 684
----step 685
----step 686
----step 687
----step 688
----step 689
----step 690
----step 691
----step 692
--------It's time to update MPC solutions!
--------Solve intersection:  1
_gams_py_gdb1160
-34.79563909168245
0.0
Vehicle cost at this point:  -0.8085060842483633
Pedestrian cost at this point:  0.0
objective function at this point: -0.6468048673986907
----step 693
----step 694
----step 695
----step 696
----step 697
----step 698
----step 699
----step 700
----step 701
----step 702
----step 703
----step 704
----step 705
----step 706
--------It's time to update MPC solutions!
--------Solve intersection:  1
_gams_py_gdb1176
-34.677105168654556
0.0
Vehicle cost at this point:  -3.887066859699655
Pedestrian cost at this point:  0.0
objective function at this point: -3.109653487759724
extension steps:  1
----step 707
----step 708
----step 709
----step 710
----step 711
----step 712
----step 713
----step 714
----step 715
----step 716
--------It's time to update MPC solutions!
--------Solve intersection:  1
_gams_py_gdb1196
-34.54767325089958
0.0
Vehicle cost at this point:  -3.7520043592259364
Pedestrian cost at this point:  0.0
objective function at this point: -3.0016034873807493
----step 717
----step 718
----step 719
----step 720
----step 721
----step 722
----step 723
----step 724
----step 725
----step 726
----step 727
----step 728
----step 729
----step 730
--------It's time to update MPC solutions!
--------Solve intersection:  1
_gams_py_gdb1218
-34.998482564026574
0.0
Vehicle cost at this point:  -9.185869702468729
Pedestrian cost at this point:  0.0
objective function at this point: -7.348695761974984
extension steps:  1
----step 731
----step 732
----step 733
----step 734
----step 735
----step 736
----step 737
----step 738
----step 739
----step 740
--------It's time to update MPC solutions!
--------Solve intersection:  1
_gams_py_gdb1240
-35.15684989419931
0.0
Vehicle cost at this point:  -6.515584812228606
Pedestrian cost at this point:  0.0
objective function at this point: -5.212467849782885
extension steps:  1
----step 741
----step 742
----step 743
----step 744
----step 745
----step 746
----step 747
----step 748
----step 749
----step 750
--------It's time to update MPC solutions!
--------Solve intersection:  1
_gams_py_gdb1262
-35.20462615000491
0.0
Vehicle cost at this point:  -5.486519326997213
Pedestrian cost at this point:  0.0
objective function at this point: -4.389215461597771
extension steps:  1
----step 751
----step 752
----step 753
----step 754
----step 755
----step 756
----step 757
----step 758
----step 759
----step 760
--------It's time to update MPC solutions!
--------Solve intersection:  1
_gams_py_gdb1282
-34.878527001883
0.0
Vehicle cost at this point:  -1.8148264185134404
Pedestrian cost at this point:  0.0
objective function at this point: -1.4518611348107524
----step 761
----step 762
----step 763
----step 764
----step 765
----step 766
----step 767
----step 768
----step 769
----step 770
----step 771
----step 772
----step 773
----step 774
--------It's time to update MPC solutions!
--------Solve intersection:  1
_gams_py_gdb1302
-35.36676788527595
0.0
Vehicle cost at this point:  -9.865055548484017
Pedestrian cost at this point:  0.0
objective function at this point: -7.892044438787214
extension steps:  1
----step 775
----step 776
----step 777
----step 778
----step 779
----step 780
----step 781
----step 782
----step 783
----step 784
--------It's time to update MPC solutions!
--------Solve intersection:  1
_gams_py_gdb1320
-35.340994150123265
0.0
Vehicle cost at this point:  -4.790976098490762
Pedestrian cost at this point:  0.0
objective function at this point: -3.83278087879261
extension steps:  1
----step 785
----step 786
----step 787
----step 788
----step 789
----step 790
----step 791
----step 792
----step 793
----step 794
--------It's time to update MPC solutions!
--------Solve intersection:  1
_gams_py_gdb1340
-35.093398230705226
0.0
Vehicle cost at this point:  -2.502012564574764
Pedestrian cost at this point:  0.0
objective function at this point: -2.0016100516598114
extension steps:  1
----step 795
----step 796
----step 797
----step 798
----step 799
----step 800
----step 801
----step 802
----step 803
----step 804
--------It's time to update MPC solutions!
--------Solve intersection:  1
_gams_py_gdb1358
-34.835209793813696
0.0
Vehicle cost at this point:  -2.320806048232075
Pedestrian cost at this point:  0.0
objective function at this point: -1.85664483858566
extension steps:  1
----step 805
----step 806
----step 807
----step 808
----step 809
----step 810
----step 811
----step 812
----step 813
----step 814
--------It's time to update MPC solutions!
--------Solve intersection:  1
_gams_py_gdb1378
-34.575305052225964
0.0
Vehicle cost at this point:  -2.228894130902932
Pedestrian cost at this point:  0.0
objective function at this point: -1.7831153047223456
extension steps:  1
----step 815
----step 816
----step 817
----step 818
----step 819
----step 820
----step 821
----step 822
----step 823
----step 824
--------It's time to update MPC solutions!
--------Solve intersection:  1
_gams_py_gdb1398
-34.40997334792959
0.0
Vehicle cost at this point:  -3.167918175714161
Pedestrian cost at this point:  0.0
objective function at this point: -2.534334540571329
extension steps:  1
----step 825
----step 826
----step 827
----step 828
----step 829
----step 830
----step 831
----step 832
----step 833
----step 834
--------It's time to update MPC solutions!
--------Solve intersection:  1
_gams_py_gdb1418
-34.32336066624558
0.0
Vehicle cost at this point:  -3.9753442199918854
Pedestrian cost at this point:  0.0
objective function at this point: -3.1802753759935083
----step 835
----step 836
----step 837
----step 838
----step 839
----step 840
----step 841
----step 842
----step 843
----step 844
----step 845
----step 846
----step 847
----step 848
--------It's time to update MPC solutions!
--------Solve intersection:  1
_gams_py_gdb1438
-34.8919464848102
0.0
Vehicle cost at this point:  -11.157781242245925
Pedestrian cost at this point:  0.0
objective function at this point: -8.92622499379674
extension steps:  1
----step 849
----step 850
----step 851
----step 852
----step 853
----step 854
----step 855
----step 856
----step 857
----step 858
--------It's time to update MPC solutions!
--------Solve intersection:  1
_gams_py_gdb1462
-34.73266644841564
0.0
Vehicle cost at this point:  -3.209729092290798
Pedestrian cost at this point:  0.0
objective function at this point: -2.5677832738326387
----step 859
----step 860
----step 861
----step 862
----step 863
----step 864
----step 865
----step 866
----step 867
----step 868
----step 869
----step 870
----step 871
----step 872
--------It's time to update MPC solutions!
--------Solve intersection:  1
_gams_py_gdb1478
-35.08196888671591
0.0
Vehicle cost at this point:  -8.903937010590912
Pedestrian cost at this point:  0.0
objective function at this point: -7.12314960847273
extension steps:  1
----step 873
----step 874
----step 875
----step 876
----step 877
----step 878
----step 879
----step 880
----step 881
----step 882
Warning: Person 'person_WE_s.1' is jammed on edge ':1_w3', time=446.50.
Warning: Person 'person_NE_diag.1' is jammed on edge ':1_w0', time=460.50.
Warning: Person 'person_WN_diag.1' is jammed on edge ':1_w3', time=485.00.
Warning: Person 'person_WN_diag.0' is jammed on edge ':1_w3', time=505.00.
Warning: Person 'person_NE_diag.2' is jammed on edge ':1_w0', time=506.50.
Warning: Person 'person_NS_w.2' is jammed on edge ':1_w0', time=521.50.
Warning: Person 'person_EW_n.0' is jammed on edge ':1_w1', time=538.50.
--------It's time to update MPC solutions!
--------Solve intersection:  1
_gams_py_gdb1496
-35.0010428788423
0.0
Vehicle cost at this point:  -4.086841179546686
Pedestrian cost at this point:  0.0
objective function at this point: -3.2694729436373486
extension steps:  1
----step 883
----step 884
----step 885
----step 886
----step 887
----step 888
----step 889
----step 890
----step 891
----step 892
--------It's time to update MPC solutions!
--------Solve intersection:  1
_gams_py_gdb1516
-34.72113871838929
0.0
Vehicle cost at this point:  -1.7612579831641346
Pedestrian cost at this point:  0.0
objective function at this point: -1.4090063865313078
extension steps:  1
----step 893
----step 894
----step 895
----step 896
----step 897
----step 898
----step 899
----step 900
----step 901
----step 902
--------It's time to update MPC solutions!
--------Solve intersection:  1
_gams_py_gdb1536
-34.3671485272079
0.0
Vehicle cost at this point:  -0.8134204345021863
Pedestrian cost at this point:  0.0
objective function at this point: -0.650736347601749
extension steps:  1
----step 903
----step 904
----step 905
----step 906
----step 907
----step 908
----step 909
----step 910
----step 911
----step 912
--------It's time to update MPC solutions!
--------Solve intersection:  1
_gams_py_gdb1558
-34.018990886693985
0.0
Vehicle cost at this point:  -0.7814377663646135
Pedestrian cost at this point:  0.0
objective function at this point: -0.6251502130916908
----step 913
----step 914
----step 915
----step 916
----step 917
----step 918
----step 919
----step 920
----step 921
----step 922
----step 923
----step 924
----step 925
----step 926
--------It's time to update MPC solutions!
--------Solve intersection:  1
_gams_py_gdb1580
-34.076628021646506
0.0
Vehicle cost at this point:  -5.5515014603865955
Pedestrian cost at this point:  0.0
objective function at this point: -4.441201168309276
extension steps:  1
----step 927
----step 928
----step 929
----step 930
----step 931
----step 932
----step 933
----step 934
----step 935
----step 936
--------It's time to update MPC solutions!
--------Solve intersection:  1
_gams_py_gdb1604
-33.93510268024098
0.0
Vehicle cost at this point:  -3.1495677145966487
Pedestrian cost at this point:  0.0
objective function at this point: -2.519654171677319
----step 937
----step 938
----step 939
----step 940
----step 941
----step 942
----step 943
----step 944
----step 945
----step 946
----step 947
----step 948
----step 949
----step 950
--------It's time to update MPC solutions!
--------Solve intersection:  1
_gams_py_gdb1622
-34.3281968478162
0.0
Vehicle cost at this point:  -9.67731444167279
Pedestrian cost at this point:  0.0
objective function at this point: -7.741851553338233
extension steps:  1
----step 951
----step 952
----step 953
----step 954
----step 955
----step 956
----step 957
----step 958
----step 959
----step 960
--------It's time to update MPC solutions!
--------Solve intersection:  1
_gams_py_gdb1640
-34.33296833158762
0.0
Vehicle cost at this point:  -4.963330847990246
Pedestrian cost at this point:  0.0
objective function at this point: -3.970664678392197
extension steps:  1
----step 961
----step 962
----step 963
----step 964
----step 965
----step 966
----step 967
----step 968
----step 969
----step 970
--------It's time to update MPC solutions!
--------Solve intersection:  1
_gams_py_gdb1658
-34.12279082614128
0.0
Vehicle cost at this point:  -2.262478264615362
Pedestrian cost at this point:  0.0
objective function at this point: -1.8099826116922895
extension steps:  1
----step 971
----step 972
----step 973
----step 974
----step 975
----step 976
----step 977
----step 978
----step 979
----step 980
--------It's time to update MPC solutions!
--------Solve intersection:  1
_gams_py_gdb1678
-33.94368784897189
0.0
Vehicle cost at this point:  -2.5975179797234627
Pedestrian cost at this point:  0.0
objective function at this point: -2.07801438377877
extension steps:  1
----step 981
----step 982
----step 983
----step 984
----step 985
----step 986
----step 987
----step 988
----step 989
----step 990
--------It's time to update MPC solutions!
--------Solve intersection:  1
_gams_py_gdb1698
-33.680606864186565
0.0
Vehicle cost at this point:  -1.4666284597564065
Pedestrian cost at this point:  0.0
objective function at this point: -1.1733027678051253
extension steps:  1
----step 991
----step 992
----step 993
----step 994
----step 995
----step 996
----step 997
----step 998
----step 999
----step 1000
--------It's time to update MPC solutions!
--------Solve intersection:  1
_gams_py_gdb1720
-33.497146117743576
0.0
Vehicle cost at this point:  -2.4265255625534596
Pedestrian cost at this point:  0.0
objective function at this point: -1.9412204500427679
----step 1001
----step 1002
----step 1003
----step 1004
----step 1005
----step 1006
----step 1007
----step 1008
----step 1009
----step 1010
----step 1011
----step 1012
----step 1013
----step 1014
--------It's time to update MPC solutions!
--------Solve intersection:  1
_gams_py_gdb1742
-33.79731650647714
0.0
Vehicle cost at this point:  -8.730403125889936
Pedestrian cost at this point:  0.0
objective function at this point: -6.984322500711949
extension steps:  1
----step 1015
----step 1016
----step 1017
----step 1018
----step 1019
----step 1020
----step 1021
----step 1022
----step 1023
----step 1024
--------It's time to update MPC solutions!
--------Solve intersection:  1
_gams_py_gdb1766
-33.71782920441458
0.0
Vehicle cost at this point:  -3.7721424878087153
Pedestrian cost at this point:  0.0
objective function at this point: -3.0177139902469725
extension steps:  1
----step 1025
----step 1026
----step 1027
----step 1028
----step 1029
----step 1030
----step 1031
----step 1032
----step 1033
----step 1034
--------It's time to update MPC solutions!
--------Solve intersection:  1
_gams_py_gdb1792
-33.44593153418951
0.0
Vehicle cost at this point:  -1.1656354576081556
Pedestrian cost at this point:  0.0
objective function at this point: -0.9325083660865245
extension steps:  1
----step 1035
----step 1036
----step 1037
----step 1038
----step 1039
----step 1040
----step 1041
----step 1042
----step 1043
----step 1044
--------It's time to update MPC solutions!
--------Solve intersection:  1
_gams_py_gdb1818
-33.4117703455949
0.0
Vehicle cost at this point:  -4.314374088243003
Pedestrian cost at this point:  0.0
objective function at this point: -3.4514992705944025
extension steps:  1
----step 1045
----step 1046
----step 1047
----step 1048
----step 1049
----step 1050
----step 1051
----step 1052
----step 1053
----step 1054
--------It's time to update MPC solutions!
--------Solve intersection:  1
_gams_py_gdb1844
-33.35249955309658
0.0
Vehicle cost at this point:  -3.960253466536676
Pedestrian cost at this point:  0.0
objective function at this point: -3.168202773229341
extension steps:  1
----step 1055
----step 1056
----step 1057
----step 1058
----step 1059
----step 1060
----step 1061
----step 1062
----step 1063
----step 1064
--------It's time to update MPC solutions!
--------Solve intersection:  1
_gams_py_gdb1870
-33.389072935034385
0.0
Vehicle cost at this point:  -5.2714453715802
Pedestrian cost at this point:  0.0
objective function at this point: -4.21715629726416
extension steps:  1
----step 1065
----step 1066
----step 1067
----step 1068
----step 1069
----step 1070
----step 1071
----step 1072
----step 1073
----step 1074
--------It's time to update MPC solutions!
--------Solve intersection:  1
_gams_py_gdb1896
-33.21492558590222
0.0
Vehicle cost at this point:  -2.331804674297495
Pedestrian cost at this point:  0.0
objective function at this point: -1.8654437394379961
extension steps:  1
----step 1075
----step 1076
----step 1077
----step 1078
----step 1079
----step 1080
----step 1081
----step 1082
----step 1083
----step 1084
--------It's time to update MPC solutions!
--------Solve intersection:  1
_gams_py_gdb1922
-33.099081276558515
0.0
Vehicle cost at this point:  -3.10661985155367
Pedestrian cost at this point:  0.0
objective function at this point: -2.485295881242936
----step 1085
----step 1086
----step 1087
----step 1088
----step 1089
----step 1090
----step 1091
----step 1092
----step 1093Warning: Person 'person_ES_diag.1' is jammed on edge ':1_w1', time=563.00.
Warning: Person 'person_WN_diag.2' is jammed on edge ':1_w3', time=566.00.
Warning: Person 'person_SW_diag.0' is jammed on edge ':1_w2', time=571.50.
Warning: Person 'person_SN_e.1' is jammed on edge ':1_w2', time=573.00.
Warning: Person 'person_WN_diag.3' is jammed on edge ':1_w3', time=573.50.
Warning: Person 'person_ES_diag.2' is jammed on edge ':1_w1', time=624.00.
Warning: Person 'person_NS_w.3' is jammed on edge ':1_w0', time=634.00.
Warning: Person 'person_ES_diag.3' is jammed on edge ':1_w1', time=639.00.
Warning: Person 'person_SW_diag.2' is jammed on edge ':1_w2', time=639.50.

----step 1094
----step 1095
----step 1096
----step 1097
----step 1098
--------It's time to update MPC solutions!
--------Solve intersection:  1
_gams_py_gdb1944
-33.78356331452045
0.0
Vehicle cost at this point:  -14.50675501039299
Pedestrian cost at this point:  0.0
objective function at this point: -11.605404008314393
extension steps:  1
----step 1099
----step 1100
----step 1101
----step 1102
----step 1103
----step 1104
----step 1105
----step 1106
----step 1107
----step 1108
--------It's time to update MPC solutions!
--------Solve intersection:  1
_gams_py_gdb1970
-33.73627455257693
0.0
Vehicle cost at this point:  -4.143914051175191
Pedestrian cost at this point:  0.0
objective function at this point: -3.3151312409401528
extension steps:  1
----step 1109
----step 1110
----step 1111
----step 1112
----step 1113
----step 1114
----step 1115
----step 1116
----step 1117
----step 1118
--------It's time to update MPC solutions!
--------Solve intersection:  1
_gams_py_gdb1994
-33.327768801652624
0.0
Vehicle cost at this point:  1.1330445773861908
Pedestrian cost at this point:  0.0
objective function at this point: 0.9064356619089526
extension steps:  1
----step 1119
----step 1120
----step 1121
----step 1122
----step 1123
----step 1124
----step 1125
----step 1126
----step 1127
----step 1128
--------It's time to update MPC solutions!
--------Solve intersection:  1
_gams_py_gdb2018
-32.82608387750589
0.0
Vehicle cost at this point:  2.6208254836372995
Pedestrian cost at this point:  0.0
objective function at this point: 2.0966603869098397
extension steps:  1
----step 1129
----step 1130
----step 1131
----step 1132
----step 1133
----step 1134
----step 1135
----step 1136
----step 1137
----step 1138
--------It's time to update MPC solutions!
--------Solve intersection:  1
_gams_py_gdb2042
-32.44073196275182
0.0
Vehicle cost at this point:  1.035787893845519
Pedestrian cost at this point:  0.0
objective function at this point: 0.8286303150764152
----step 1139
----step 1140
----step 1141
----step 1142
----step 1143
----step 1144
----step 1145
----step 1146
----step 1147
----step 1148
----step 1149
----step 1150
----step 1151
----step 1152
--------It's time to update MPC solutions!
--------Solve intersection:  1
_gams_py_gdb2064
-32.37538805298799
0.0
Vehicle cost at this point:  -3.654231633935382
Pedestrian cost at this point:  0.0
objective function at this point: -2.923385307148306
extension steps:  1
----step 1153
----step 1154
----step 1155
----step 1156
----step 1157
----step 1158
----step 1159
----step 1160
----step 1161
----step 1162
--------It's time to update MPC solutions!
--------Solve intersection:  1
_gams_py_gdb2090
-32.20917821936064
0.0
Vehicle cost at this point:  -2.1081636697841364
Pedestrian cost at this point:  0.0
objective function at this point: -1.6865309358273093
extension steps:  1
----step 1163
----step 1164
----step 1165
----step 1166
----step 1167
----step 1168
----step 1169
----step 1170
----step 1171
----step 1172
--------It's time to update MPC solutions!
--------Solve intersection:  1
_gams_py_gdb2114
-31.935400104136193
0.0
Vehicle cost at this point:  -0.41641712719192775
Pedestrian cost at this point:  0.0
objective function at this point: -0.33313370175354223
----step 1173
----step 1174
----step 1175
----step 1176
----step 1177
----step 1178
----step 1179
----step 1180
----step 1181
----step 1182
----step 1183
----step 1184
----step 1185
----step 1186
--------It's time to update MPC solutions!
--------Solve intersection:  1
_gams_py_gdb2138
-32.20575437587405
0.0
Vehicle cost at this point:  -8.73338020740361
Pedestrian cost at this point:  0.0
objective function at this point: -6.9867041659228875
extension steps:  1
----step 1187
----step 1188
----step 1189
----step 1190
----step 1191
----step 1192
----step 1193
----step 1194
----step 1195
----step 1196
--------It's time to update MPC solutions!
--------Solve intersection:  1
_gams_py_gdb2162
-31.825767434850835
0.0
Vehicle cost at this point:  1.3161174565221037
Pedestrian cost at this point:  0.0
objective function at this point: 1.052893965217683
extension steps:  1
----step 1197
----step 1198
----step 1199
----step 1200
----step 1201
----step 1202
----step 1203
----step 1204
----step 1205
----step 1206
--------It's time to update MPC solutions!
--------Solve intersection:  1
_gams_py_gdb2184
-31.433809547962657
0.0
Vehicle cost at this point:  1.612800017550283
Pedestrian cost at this point:  0.0
objective function at this point: 1.2902400140402266
extension steps:  1
----step 1207
----step 1208
----step 1209
----step 1210
----step 1211
----step 1212
----step 1213
----step 1214
----step 1215
----step 1216
--------It's time to update MPC solutions!
--------Solve intersection:  1
_gams_py_gdb2208
-31.102109360998885
0.0
Vehicle cost at this point:  0.7692730292880128
Pedestrian cost at this point:  0.0
objective function at this point: 0.6154184234304103
----step 1217
----step 1218
----step 1219
----step 1220
----step 1221
----step 1222
----step 1223
----step 1224
----step 1225
----step 1226
----step 1227
----step 1228
----step 1229
----step 1230
--------It's time to update MPC solutions!
--------Solve intersection:  1
_gams_py_gdb2230
-31.246520276975144
0.0
Vehicle cost at this point:  -6.753733135762813
Pedestrian cost at this point:  0.0
objective function at this point: -5.402986508610251
extension steps:  1
----step 1231
----step 1232
----step 1233
----step 1234
----step 1235
----step 1236
----step 1237
----step 1238
----step 1239
----step 1240
--------It's time to update MPC solutions!
--------Solve intersection:  1
_gams_py_gdb2252
-31.016398664535778
0.0
Vehicle cost at this point:  -0.7489682959041515
Pedestrian cost at this point:  0.0
objective function at this point: -0.5991746367233212
----step 1241
----step 1242
----step 1243
----step 1244
----step 1245
----step 1246
----step 1247
----step 1248
----step 1249
----step 1250
----step 1251
----step 1252
----step 1253
----step 1254
--------It's time to update MPC solutions!
--------Solve intersection:  1
_gams_py_gdb2270
-31.288280380162746
0.0
Vehicle cost at this point:  -8.85870203514419
Pedestrian cost at this point:  0.0
objective function at this point: -7.086961628115353
extension steps:  1
----step 1255
----step 1256
----step 1257
----step 1258
----step 1259
----step 1260
----step 1261
----step 1262
----step 1263
----step 1264
--------It's time to update MPC solutions!
--------Solve intersection:  1
_gams_py_gdb2290
-31.207479115838872
0.0
Vehicle cost at this point:  -3.1423049975597945
Pedestrian cost at this point:  0.0
objective function at this point: -2.513843998047836
----step 1265
----step 1266
----step 1267
----step 1268
----step 1269
----step 1270
----step 1271
----step 1272
----step 1273
----step 1274
----step 1275
----step 1276
----step 1277
----step 1278
--------It's time to update MPC solutions!
--------Solve intersection:  1
_gams_py_gdb2308
-31.628546488769928
0.0
Vehicle cost at this point:  -11.435899196548753
Pedestrian cost at this point:  0.0
objective function at this point: -9.148719357239003
extension steps:  1
----step 1279
----step 1280
----step 1281
----step 1282
----step 1283
----step 1284
----step 1285
----step 1286
----step 1287
----step 1288
--------It's time to update MPC solutions!
--------Solve intersection:  1
_gams_py_gdb2332
-32.21160884878223
0.0
Vehicle cost at this point:  -14.263834658600903
Pedestrian cost at this point:  0.0
objective function at this point: -11.411067726880724
extension steps:  1
----step 1289
----step 1290
----step 1291
----step 1292
----step 1293
----step 1294
----step 1295
----step 1296
----step 1297
----step 1298
--------It's time to update MPC solutions!
--------Solve intersection:  1
_gams_py_gdb2356
-32.896652323054376
0.0
Vehicle cost at this point:  -16.14953411612792
Pedestrian cost at this point:  0.0
objective function at this point: -12.919627292902337
extension steps:  1
----step 1299
----step 1300
----step 1301
----step 1302
----step 1303
----step 1304
----step 1305
----step 1306
----step 1307
----step 1308
--------It's time to update MPC solutions!
--------Solve intersection:  1
_gams_py_gdb2380
-33.45629918366441
Warning: Person 'person_NE_diag.3' is jammed on edge ':1_w0', time=680.00.
Warning: Person 'person_WE_s.2' is jammed on edge ':1_w3', time=684.50.
Warning: Person 'person_ES_diag.4' is jammed on edge ':1_w1', time=686.00.
Warning: Person 'person_NS_w.5' is jammed on edge ':1_w0', time=704.50.
Warning: Person 'person_NS_w.4' is jammed on edge ':1_w0', time=741.00.
Warning: Person 'person_WE_s.3' is jammed on edge ':1_w3', time=748.00.
0.0
Vehicle cost at this point:  -14.213518390806858
Pedestrian cost at this point:  0.0
objective function at this point: -11.370814712645487
extension steps:  1
----step 1309
----step 1310
----step 1311
----step 1312
----step 1313
----step 1314
----step 1315
----step 1316
----step 1317
----step 1318
--------It's time to update MPC solutions!
--------Solve intersection:  1
_gams_py_gdb2404
-33.98415985099699
0.0
Vehicle cost at this point:  -13.828511323367945
Pedestrian cost at this point:  0.0
objective function at this point: -11.062809058694356
extension steps:  1
----step 1319
----step 1320
----step 1321
----step 1322
----step 1323
----step 1324
----step 1325
----step 1326
----step 1327
----step 1328
--------It's time to update MPC solutions!
--------Solve intersection:  1
_gams_py_gdb2428
-34.30621946935045
0.0
Vehicle cost at this point:  -10.421910524537516
Pedestrian cost at this point:  0.0
objective function at this point: -8.337528419630013
extension steps:  1
----step 1329
----step 1330
----step 1331
----step 1332
----step 1333
----step 1334
----step 1335
----step 1336
----step 1337
----step 1338
--------It's time to update MPC solutions!
--------Solve intersection:  1
_gams_py_gdb2452
-34.46510004835315
0.0
Vehicle cost at this point:  -7.669950015383041
Pedestrian cost at this point:  0.0
objective function at this point: -6.135960012306433
extension steps:  1
----step 1339
----step 1340
----step 1341
----step 1342
----step 1343
----step 1344
----step 1345
----step 1346
----step 1347
----step 1348
--------It's time to update MPC solutions!
--------Solve intersection:  1
_gams_py_gdb2476
-34.36653698210685
0.0
Vehicle cost at this point:  -3.1916918428653402
Pedestrian cost at this point:  0.0
objective function at this point: -2.5533534742922726
----step 1349
----step 1350
----step 1351
----step 1352
----step 1353
----step 1354
----step 1355
----step 1356
----step 1357
----step 1358
----step 1359
----step 1360
----step 1361
----step 1362
--------It's time to update MPC solutions!
--------Solve intersection:  1
_gams_py_gdb2500
-34.83599377864024
0.0
Vehicle cost at this point:  -13.2255971074638
Pedestrian cost at this point:  0.0
objective function at this point: -10.58047768597104
extension steps:  1
----step 1363
----step 1364
----step 1365
----step 1366
----step 1367
----step 1368
----step 1369
----step 1370
----step 1371
----step 1372
--------It's time to update MPC solutions!
--------Solve intersection:  1
_gams_py_gdb2522
-34.97460994807285
0.0
Vehicle cost at this point:  -7.451859279673926
Pedestrian cost at this point:  0.0
objective function at this point: -5.961487423739141
extension steps:  1
----step 1373
----step 1374
----step 1375
----step 1376
----step 1377
----step 1378
----step 1379
----step 1380
----step 1381
----step 1382
--------It's time to update MPC solutions!
--------Solve intersection:  1
_gams_py_gdb2546
-34.93294192593897
0.0
Vehicle cost at this point:  -4.2463484513144065
Pedestrian cost at this point:  0.0
objective function at this point: -3.3970787610515254
extension steps:  1
----step 1383
----step 1384
----step 1385
----step 1386
----step 1387
----step 1388
----step 1389
----step 1390
----step 1391
----step 1392
--------It's time to update MPC solutions!
--------Solve intersection:  1
_gams_py_gdb2568
-34.79521294866786
0.0
Vehicle cost at this point:  -2.491623116072834
Pedestrian cost at this point:  0.0
objective function at this point: -1.9932984928582673
extension steps:  1
----step 1393
----step 1394
----step 1395
----step 1396
----step 1397
----step 1398
----step 1399
----step 1400
----step 1401
----step 1402
--------It's time to update MPC solutions!
--------Solve intersection:  1
_gams_py_gdb2590
-34.55467473331389
0.0
Vehicle cost at this point:  -0.572331626193977
Pedestrian cost at this point:  0.0
objective function at this point: -0.45786530095518163
extension steps:  1
----step 1403
----step 1404
----step 1405
----step 1406
----step 1407
----step 1408
----step 1409
----step 1410
----step 1411
----step 1412
--------It's time to update MPC solutions!
--------Solve intersection:  1
_gams_py_gdb2612
-34.313176835476575
0.0
Vehicle cost at this point:  -0.48592084461428486
Pedestrian cost at this point:  0.0
objective function at this point: -0.3887366756914279
extension steps:  1
----step 1413
----step 1414
----step 1415
----step 1416
----step 1417
----step 1418
----step 1419
----step 1420
----step 1421
----step 1422
--------It's time to update MPC solutions!
--------Solve intersection:  1
_gams_py_gdb2634
-34.36477307213214
0.0
Vehicle cost at this point:  -5.860098228671652
Pedestrian cost at this point:  0.0
objective function at this point: -4.6880785829373215
----step 1423
----step 1424
----step 1425
----step 1426
----step 1427
----step 1428
----step 1429
----step 1430
----step 1431
----step 1432
----step 1433
----step 1434
----step 1435
----step 1436
--------It's time to update MPC solutions!
--------Solve intersection:  1
_gams_py_gdb2656
-35.084140224359345
0.0
Vehicle cost at this point:  -18.371695716270445
Pedestrian cost at this point:  0.0
objective function at this point: -14.697356573016357
extension steps:  1
----step 1437
----step 1438
----step 1439
----step 1440
----step 1441
----step 1442
----step 1443
----step 1444
----step 1445
----step 1446
--------It's time to update MPC solutions!
--------Solve intersection:  1
_gams_py_gdb2680
-35.15311923913389
0.0
Vehicle cost at this point:  -6.312767167799756
Pedestrian cost at this point:  0.0
objective function at this point: -5.050213734239805
extension steps:  1
----step 1447
----step 1448
----step 1449
----step 1450
----step 1451
----step 1452
----step 1453
----step 1454
----step 1455
----step 1456
--------It's time to update MPC solutions!
--------Solve intersection:  1
_gams_py_gdb2700
-34.88968755068288
0.0
Vehicle cost at this point:  -0.01667209644997167
Pedestrian cost at this point:  0.0
objective function at this point: -0.013337677159977336
extension steps:  1
----step 1457
----step 1458
----step 1459
----step 1460
----step 1461
----step 1462
----step 1463
----step 1464
----step 1465
----step 1466
--------It's time to update MPC solutions!
--------Solve intersection:  1
_gams_py_gdb2720
-34.64734617394059
0.0
Vehicle cost at this point:  -0.3451347238880399
Pedestrian cost at this point:  0.0
objective function at this point: -0.27610777911043194
----step 1467
----step 1468
----step 1469
----step 1470
----step 1471
----step 1472
----step 1473
----step 1474
----step 1475
----step 1476
----step 1477
----step 1478
----step 1479
----step 1480
--------It's time to update MPC solutions!
--------Solve intersection:  1
_gams_py_gdb2740
-34.76373084126923
2.631639762074445e-16
Vehicle cost at this point:  -7.1941823233294855
Pedestrian cost at this point:  1.0542177088428787e-16
objective function at this point: -5.755345858663588
extension steps:  1
----step 1481
----step 1482
----step 1483
----step 1484
----step 1485
----step 1486
----step 1487
----step 1488
----step 1489
----step 1490
--------It's time to update MPC solutions!
--------Solve intersection:  1
_gams_py_gdb2762
-34.54942476025787
2.612289469706251e-16
Vehicle cost at this point:  -0.8025862605325089
Pedestrian cost at this point:  0.0
objective function at this point: -0.6420690084260072
----step 1491
----step 1492
----step 1493
----step 1494
----step 1495
----step 1496
----step 1497
----step 1498
----step 1499
----step 1500
----step 1501
----step 1502
----step 1503
----step 1504
--------It's time to update MPC solutions!
--------Solve intersection:  1
_gams_py_gdb2782
-34.71051655079727
2.5932216633580297e-16
Vehicle cost at this point:  -8.08842858059348
Pedestrian cost at this point:  0.0
objective function at this point: -6.470742864474784
extension steps:  1
----step 1505
----step 1506
----step 1507
----step 1508
----step 1509
----step 1510
----step 1511
----step 1512
----step 1513
----step 1514
--------It's time to update MPC solutions!
--------Solve intersection:  1
_gams_py_gdb2802
-34.583808162041734
2.5744302020293486e-16
Vehicle cost at this point:  -2.4606798432186276
Pedestrian cost at this point:  0.0
Warning: Person 'person_WE_s.4' is jammed on edge ':1_w3', time=782.00.
Warning: Person 'person_WN_diag.5' is jammed on edge ':1_w3', time=786.00.
Warning: Person 'person_SW_diag.1' is jammed on edge ':1_w2', time=804.00.
Warning: Person 'person_WN_diag.4' is jammed on edge ':1_w3', time=806.50.
Warning: Person 'person_SW_diag.3' is jammed on edge ':1_w2', time=808.50.
Warning: Person 'person_NS_w.6' is jammed on edge ':1_w0', time=822.50.
Warning: Person 'person_NS_w.10' is jammed on edge ':1_w0', time=829.00.
Warning: Person 'person_NE_diag.4' is jammed on edge ':1_w0', time=841.50.
objective function at this point: -1.9685438745749022
extension steps:  1
----step 1515
----step 1516
----step 1517
----step 1518
----step 1519
----step 1520
----step 1521
----step 1522
----step 1523
----step 1524
--------It's time to update MPC solutions!
--------Solve intersection:  1
_gams_py_gdb2826
-34.59650465024982
2.555909121439209e-16
Vehicle cost at this point:  -5.192660003281303
Pedestrian cost at this point:  0.0
objective function at this point: -4.1541280026250424
----step 1525
----step 1526
----step 1527
----step 1528
----step 1529
----step 1530
----step 1531
----step 1532
----step 1533
----step 1534
----step 1535
----step 1536
----step 1537
----step 1538
--------It's time to update MPC solutions!
--------Solve intersection:  1
_gams_py_gdb2848
-35.26976116117325
2.537652627714643e-15
Vehicle cost at this point:  -18.407488025646735
Pedestrian cost at this point:  9.241162748325002e-16
objective function at this point: -14.72599042051739
extension steps:  1
----step 1539
----step 1540
----step 1541
----step 1542
----step 1543
----step 1544
----step 1545
----step 1546
----step 1547
----step 1548
--------It's time to update MPC solutions!
--------Solve intersection:  1
_gams_py_gdb2872
-35.51227621791412
2.519655091347873e-15
Vehicle cost at this point:  -9.923483451662468
Pedestrian cost at this point:  0.0
objective function at this point: -7.938786761329975
extension steps:  1
----step 1549
----step 1550
----step 1551
----step 1552
----step 1553
----step 1554
----step 1555
----step 1556
----step 1557
----step 1558
--------It's time to update MPC solutions!
--------Solve intersection:  1
_gams_py_gdb2896
-35.624862187196726
2.5019110414088037e-15
Vehicle cost at this point:  -7.357069122291702
Pedestrian cost at this point:  0.0
objective function at this point: -5.885655297833362
----step 1559
----step 1560
----step 1561
----step 1562
----step 1563
----step 1564
----step 1565
----step 1566
----step 1567
----step 1568
----step 1569
----step 1570
----step 1571
----step 1572
--------It's time to update MPC solutions!
--------Solve intersection:  1
_gams_py_gdb2920
-36.43237642681164
2.4844151600003506e-15
Vehicle cost at this point:  -21.585628350304177
Pedestrian cost at this point:  0.0
objective function at this point: -17.26850268024334
extension steps:  1
----step 1573
----step 1574
----step 1575
----step 1576
----step 1577
----step 1578
----step 1579
----step 1580
----step 1581
----step 1582
--------It's time to update MPC solutions!
--------Solve intersection:  1
_gams_py_gdb2942
-36.84193868559138
2.4671622769447922e-15
Vehicle cost at this point:  -13.629905955870317
Pedestrian cost at this point:  0.0
objective function at this point: -10.903924764696255
extension steps:  1
----step 1583
----step 1584
----step 1585
----step 1586
----step 1587
----step 1588
----step 1589
----step 1590
----step 1591
----step 1592
--------It's time to update MPC solutions!
--------Solve intersection:  1
_gams_py_gdb2962
-37.1693020187854
2.450147364690001e-15
Vehicle cost at this point:  -12.044231714103567
Pedestrian cost at this point:  0.0
objective function at this point: -9.635385371282855
extension steps:  1
----step 1593
----step 1594
----step 1595
----step 1596
----step 1597
----step 1598
----step 1599
----step 1600
----step 1601
----step 1602
--------It's time to update MPC solutions!
--------Solve intersection:  1
_gams_py_gdb2982
-37.251436248034786
2.4333655334250005e-15
Vehicle cost at this point:  -7.022985641313484
Pedestrian cost at this point:  0.0
objective function at this point: -5.618388513050788
extension steps:  1
----step 1603
----step 1604
----step 1605
----step 1606
----step 1607
----step 1608
----step 1609
----step 1610
----step 1611
----step 1612
--------It's time to update MPC solutions!
--------Solve intersection:  1
_gams_py_gdb3004
-37.070996637405585
2.416812026394899e-15
Vehicle cost at this point:  -1.5324019265064432
Pedestrian cost at this point:  0.0
objective function at this point: -1.2259215412051547
extension steps:  1
----step 1613
----step 1614
----step 1615
----step 1616
----step 1617
----step 1618
----step 1619
----step 1620
----step 1621
----step 1622
--------It's time to update MPC solutions!
--------Solve intersection:  1
_gams_py_gdb3026
-36.87236233335767
2.400482215405744e-15
Vehicle cost at this point:  -1.0961599483302626
Pedestrian cost at this point:  0.0
objective function at this point: -0.8769279586642101
----step 1623
----step 1624
----step 1625
----step 1626
----step 1627
----step 1628
----step 1629
----step 1630
----step 1631
----step 1632
----step 1633
----step 1634
----step 1635
----step 1636
--------It's time to update MPC solutions!
--------Solve intersection:  1
_gams_py_gdb3052
-37.17974289560271
2.3843715965104034e-15
Vehicle cost at this point:  -11.810295158267058
Pedestrian cost at this point:  0.0
objective function at this point: -9.448236126613647
extension steps:  1
----step 1637
----step 1638
----step 1639
----step 1640
----step 1641
----step 1642
----step 1643
----step 1644
----step 1645
----step 1646
--------It's time to update MPC solutions!
--------Solve intersection:  1
_gams_py_gdb3076
-37.46062165695346
2.3684757858670005e-15
Vehicle cost at this point:  -11.330222442601746
Pedestrian cost at this point:  0.0
objective function at this point: -9.064177954081398
extension steps:  1
----step 1647
----step 1648
----step 1649
----step 1650
----step 1651
----step 1652
----step 1653
----step 1654
----step 1655
----step 1656
--------It's time to update MPC solutions!
--------Solve intersection:  1
_gams_py_gdb3102
-37.61626280729759
2.3527905157619213e-15
Vehicle cost at this point:  -8.70891933698781
Pedestrian cost at this point:  0.0
objective function at this point: -6.967135469590248
extension steps:  1
----step 1657
----step 1658
----step 1659
----step 1660
----step 1661
----step 1662
----step 1663
----step 1664
----step 1665
----step 1666
--------It's time to update MPC solutions!
--------Solve intersection:  1
_gams_py_gdb3128
-37.65199751759357
2.337311630789803e-15
Vehicle cost at this point:  -6.149705538898164
Pedestrian cost at this point:  0.0
objective function at this point: -4.919764431118532
extension steps:  1
----step 1667
----step 1668
----step 1669
----step 1670
----step 1671
----step 1672
----step 1673
----step 1674
----step 1675
----step 1676
--------It's time to update MPC solutions!
--------Solve intersection:  1
_gams_py_gdb3154
-37.460752829152696
2.322035084183334e-15
Vehicle cost at this point:  -1.1987943123057538
Pedestrian cost at this point:  0.0
objective function at this point: -0.9590354498446031
----step 1677
----step 1678
----step 1679
----step 1680
----step 1681
----step 1682
----step 1683
----step 1684
----step 1685
----step 1686
----step 1687
----step 1688
----step 1689
----step 1690
--------It's time to update MPC solutions!
--------Solve intersection:  1
_gams_py_gdb3180
-37.85298715498064
2.7683483211432476e-15
Vehicle cost at this point:  -13.98069128666506
Pedestrian cost at this point:  1.904940310348794e-16
objective function at this point: -11.184553029332049
extension steps:  1
----step 1691
----step 1692
----step 1693
----step 1694
----step 1695
----step 1696
----step 1697
----step 1698
----step 1699
----step 1700
--------It's time to update MPC solutions!
--------Solve intersection:  1
_gams_py_gdb3206
-37.91987893130946
2.750488009393936e-15
Vehicle cost at this point:  -6.888744640849583
Pedestrian cost at this point:  0.0
objective function at this point: -5.510995712679667
extension steps:  1
----step 1701
----step 1702
----step 1703
----step 1704
----step 1705
----step 1706
----step 1707
----step 1708
----step 1709
----step 1710
--------It's time to update MPC solutions!
--------Solve intersection:  1
_gams_py_gdb3232
-37.966437454035166
2.7328566760003855e-15
Vehicle cost at this point:  -6.454715496645476
Pedestrian cost at this point:  0.0
objective function at this point: -5.163772397316381
extension steps:  1
----step 1711
----step 1712
----step 1713
----step 1714
----step 1715
----step 1716
----step 1717
----step 1718
----step 1719
----step 1720
--------It's time to update MPC solutions!
Warning: Person 'person_ES_diag.7' is jammed on edge ':1_w1', time=864.50.
Warning: Person 'person_WN_diag.6' is jammed on edge ':1_w3', time=868.00.
Warning: Person 'person_SW_diag.4' is jammed on edge ':1_w2', time=872.50.
Warning: Person 'person_SW_diag.4' is jammed on edge ':1_c3', time=889.50.
Warning: Person 'person_WN_diag.7' is jammed on edge ':1_w3', time=896.00.
Warning: Person 'person_WE_s.9' is jammed on edge ':1_w3', time=908.00.
Warning: Person 'person_ES_diag.5' is jammed on edge ':1_w1', time=927.50.
Warning: Person 'person_SN_e.2' is jammed on edge ':1_w2', time=927.50.
Warning: Person 'person_NS_w.9' is jammed on edge ':1_w0', time=935.00.
Warning: Person 'person_NS_w.14' is jammed on edge ':1_w0', time=941.00.
Warning: Person 'person_ES_diag.6' is jammed on edge ':1_w1', time=941.00.
Warning: Person 'person_SW_diag.5' is jammed on edge ':1_w2', time=941.50.
--------Solve intersection:  1
_gams_py_gdb3258
-38.03868291435863
2.7154499455800005e-15
Vehicle cost at this point:  -7.0441392464028425
Pedestrian cost at this point:  0.0
objective function at this point: -5.635311397122274
extension steps:  1
----step 1721
----step 1722
----step 1723
----step 1724
----step 1725
----step 1726
----step 1727
----step 1728
----step 1729
----step 1730
--------It's time to update MPC solutions!
--------Solve intersection:  1
_gams_py_gdb3284
-37.8209554901908
2.698263553519368e-15
Vehicle cost at this point:  -0.5196785565491722
Pedestrian cost at this point:  0.0
objective function at this point: -0.41574284523933774
extension steps:  1
----step 1731
----step 1732
----step 1733
----step 1734
----step 1735
----step 1736
----step 1737
----step 1738
----step 1739
----step 1740
--------It's time to update MPC solutions!
--------Solve intersection:  1
_gams_py_gdb3308
-37.51496191631789
2.681293342490944e-15
Vehicle cost at this point:  1.5474318222299237
Pedestrian cost at this point:  0.0
objective function at this point: 1.237945457783939
----step 1741
----step 1742
----step 1743
----step 1744
----step 1745
----step 1746
----step 1747
----step 1748
----step 1749
----step 1750
----step 1751
----step 1752
----step 1753
----step 1754
--------It's time to update MPC solutions!
--------Solve intersection:  1
_gams_py_gdb3332
-37.78696039273742
2.6645352591003757e-15
Vehicle cost at this point:  -11.576388306206411
Pedestrian cost at this point:  0.0
objective function at this point: -9.261110644965129
extension steps:  1
----step 1755
----step 1756
----step 1757
----step 1758
----step 1759
----step 1760
----step 1761
----step 1762
----step 1763
----step 1764
--------It's time to update MPC solutions!
--------Solve intersection:  1
_gams_py_gdb3356
-37.769229024493974
2.6479853506587587e-15
Vehicle cost at this point:  -4.990315729363283
Pedestrian cost at this point:  0.0
objective function at this point: -3.992252583490627
extension steps:  1
----step 1765
----step 1766
----step 1767
----step 1768
----step 1769
----step 1770
----step 1771
----step 1772
----step 1773
----step 1774
--------It's time to update MPC solutions!
--------Solve intersection:  1
_gams_py_gdb3382
-37.44654733809366
2.631639762074445e-15
Vehicle cost at this point:  2.0721720246222777
Pedestrian cost at this point:  0.0
objective function at this point: 1.6577376196978222
extension steps:  1
----step 1775
----step 1776
----step 1777
----step 1778
----step 1779
----step 1780
----step 1781
----step 1782
----step 1783
----step 1784
--------It's time to update MPC solutions!
--------Solve intersection:  1
_gams_py_gdb3408
-37.1549152992028
2.6154947328592648e-15
Vehicle cost at this point:  1.4413535715887669
Pedestrian cost at this point:  0.0
objective function at this point: 1.1530828572710135
extension steps:  1
----step 1785
----step 1786
----step 1787
----step 1788
----step 1789
----step 1790
----step 1791
----step 1792
----step 1793
----step 1794
--------It's time to update MPC solutions!
--------Solve intersection:  1
_gams_py_gdb3434
-36.93782941703091
2.599546594244269e-15
Vehicle cost at this point:  -0.22183294614529148
Pedestrian cost at this point:  0.0
objective function at this point: -0.1774663569162332
----step 1795
----step 1796
----step 1797
----step 1798
----step 1799
----step 1800
----step 1801
----step 1802
----step 1803
----step 1804
----step 1805
----step 1806
----step 1807
----step 1808
--------It's time to update MPC solutions!
--------Solve intersection:  1
_gams_py_gdb3460
-37.29781336675179
2.5837917664003644e-15
Vehicle cost at this point:  -13.762168731567902
Pedestrian cost at this point:  0.0
objective function at this point: -11.009734985254322
extension steps:  1
----step 1809
----step 1810
----step 1811
----step 1812
----step 1813
----step 1814
----step 1815
----step 1816
----step 1817
----step 1818
--------It's time to update MPC solutions!
--------Solve intersection:  1
_gams_py_gdb3486
-37.34415812513311
2.5682267557593982e-15
Vehicle cost at this point:  -6.427291894007471
Pedestrian cost at this point:  0.0
objective function at this point: -5.1418335152059775
extension steps:  1
----step 1819
----step 1820
----step 1821
----step 1822
----step 1823
----step 1824
----step 1825
----step 1826
----step 1827
----step 1828
--------It's time to update MPC solutions!
--------Solve intersection:  1
_gams_py_gdb3510
-37.26607512389435
2.5528481524314977e-15
Vehicle cost at this point:  -3.4720424168941313
Pedestrian cost at this point:  0.0
objective function at this point: -2.7776339335153053
extension steps:  1
----step 1829
----step 1830
----step 1831
----step 1832
----step 1833
----step 1834
----step 1835
----step 1836
----step 1837
----step 1838
--------It's time to update MPC solutions!
--------Solve intersection:  1
_gams_py_gdb3532
-37.17350634416534
2.537652627714643e-15
Vehicle cost at this point:  -3.102074304202773
Pedestrian cost at this point:  0.0
objective function at this point: -2.4816594433622186
extension steps:  1
----step 1839
----step 1840
----step 1841
----step 1842
----step 1843
----step 1844
----step 1845
----step 1846
----step 1847
----step 1848
--------It's time to update MPC solutions!
--------Solve intersection:  1
_gams_py_gdb3554
-37.011268578545355
2.5226369316926636e-15
Vehicle cost at this point:  -1.3936177077703777
Pedestrian cost at this point:  0.0
objective function at this point: -1.1148941662163023
----step 1849
----step 1850
----step 1851
----step 1852
----step 1853
----step 1854
----step 1855
----step 1856
----step 1857
----step 1858
----step 1859
----step 1860
----step 1861
----step 1862
--------It's time to update MPC solutions!
--------Solve intersection:  1
_gams_py_gdb3576
-37.31591888318518
2.5077978909180004e-15
Vehicle cost at this point:  -12.68597433818739
Pedestrian cost at this point:  0.0
objective function at this point: -10.148779470549913
extension steps:  1
----step 1863
----step 1864
----step 1865
----step 1866
----step 1867
----step 1868
----step 1869
----step 1870
----step 1871
----step 1872
--------It's time to update MPC solutions!
--------Solve intersection:  1
_gams_py_gdb3598
-37.41244849038111
2.49313240617579e-15
Vehicle cost at this point:  -7.68892595909833
Pedestrian cost at this point:  0.0
objective function at this point: -6.151140767278664
extension steps:  1
----step 1873
----step 1874
----step 1875
----step 1876
----step 1877
----step 1878
----step 1879
----step 1880
----step 1881
----step 1882
--------It's time to update MPC solutions!
--------Solve intersection:  1
_gams_py_gdb3620
-37.41325329650052
2.478637450325931e-15
Vehicle cost at this point:  -5.364410734703395
Pedestrian cost at this point:  0.0
objective function at this point: -4.291528587762716
extension steps:  1
----step 1883
----step 1884
----step 1885
----step 1886
----step 1887
----step 1888
----step 1889
----step 1890
----step 1891
----step 1892
--------It's time to update MPC solutions!
--------Solve intersection:  1
_gams_py_gdb3642
-37.320188833938445
2.4643100662200002e-15
Vehicle cost at this point:  -3.0447287533225325
Pedestrian cost at this point:  0.0
objective function at this point: -2.435783002658026
extension steps:  1
----step 1893
----step 1894
----step 1895
----step 1896
----step 1897
----step 1898
----step 1899
----step 1900
----step 1901
----step 1902
--------It's time to update MPC solutions!
--------Solve intersection:  1
_gams_py_gdb3662
-37.17989145298806
2.450147364690001e-15
Vehicle cost at this point:  -1.8440635069386098
Pedestrian cost at this point:  0.0
objective function at this point: -1.475250805550888
extension steps:  1
----step 1903
----step 1904
----step 1905
----step 1906
----step 1907
----step 1908
----step 1909
----step 1910
----step 1911
----step 1912
--------It's time to update MPC solutions!
--------Solve intersection:  1
_gams_py_gdb3680
-37.03792227560613
2.4361465226060578e-15
Vehicle cost at this point:  -1.7621836301640557
Pedestrian cost at this point:  0.0
objective function at this point: -1.4097469041312447
extension steps:  1
----step 1913
----step 1914
----step 1915
----step 1916
----step 1917
----step 1918
Warning: Person 'person_WE_s.6' is jammed on edge ':1_w3', time=985.50.
Warning: Person 'person_NE_diag.5' is jammed on edge ':1_w0', time=991.50.
Warning: Person 'person_NS_w.7' is jammed on edge ':1_w0', time=1005.50.
Warning: Person 'person_NS_w.15' is jammed on edge ':1_w0', time=1006.50.
Warning: Person 'person_ES_diag.8' is jammed on edge ':1_w1', time=1010.00.
Warning: Person 'person_NS_w.8' is jammed on edge ':1_w0', time=1042.50.
Warning: Person 'person_NE_diag.7' is jammed on edge ':1_w0', time=1047.50.
Warning: Person 'person_WE_s.7' is jammed on edge ':1_w3', time=1049.00.
----step 1919
----step 1920
----step 1921
----step 1922
--------It's time to update MPC solutions!
--------Solve intersection:  1
_gams_py_gdb3698
-36.849812890170995
2.4223047810003414e-15
Vehicle cost at this point:  -0.5615243484319303
Pedestrian cost at this point:  0.0
objective function at this point: -0.4492194787455443
extension steps:  1
----step 1923
----step 1924
----step 1925
----step 1926
----step 1927
----step 1928
----step 1929
----step 1930
----step 1931
----step 1932
--------It's time to update MPC solutions!
--------Solve intersection:  1
_gams_py_gdb3716
-36.59109375584854
2.4086194432545768e-15
Vehicle cost at this point:  1.2776391264140874
Pedestrian cost at this point:  0.0
objective function at this point: 1.02211130113127
----step 1933
----step 1934
----step 1935
----step 1936
----step 1937
----step 1938
----step 1939
----step 1940
----step 1941
----step 1942
----step 1943
----step 1944
----step 1945
----step 1946
--------It's time to update MPC solutions!
--------Solve intersection:  1
_gams_py_gdb3734
-36.58559942210273
2.3950878733486522e-15
Vehicle cost at this point:  -5.087586049870934
Pedestrian cost at this point:  0.0
objective function at this point: -4.070068839896748
extension steps:  1
----step 1947
----step 1948
----step 1949
----step 1950
----step 1951
----step 1952
----step 1953
----step 1954
----step 1955
----step 1956
--------It's time to update MPC solutions!
--------Solve intersection:  1
_gams_py_gdb3750
-36.3797018822554
2.3817074941679334e-15
Vehicle cost at this point:  0.038580030081842465
Pedestrian cost at this point:  0.0
objective function at this point: 0.030864024065473974
----step 1957
----step 1958
----step 1959
----step 1960
----step 1961
----step 1962
----step 1963
----step 1964
----step 1965
----step 1966
----step 1967
----step 1968
----step 1969
----step 1970
--------It's time to update MPC solutions!
--------Solve intersection:  1
_gams_py_gdb3760
-36.27337325881395
2.3684757858670005e-15
Vehicle cost at this point:  -2.462935666113748
Pedestrian cost at this point:  0.0
objective function at this point: -1.9703485328909984
extension steps:  1
----step 1971
----step 1972
----step 1973
----step 1974
----step 1975
----step 1976
----step 1977
----step 1978
----step 1979
----step 1980
--------It's time to update MPC solutions!
--------Solve intersection:  1
_gams_py_gdb3770
-36.03670421223286
2.355390284287625e-15
Vehicle cost at this point:  0.9376748817657171
Pedestrian cost at this point:  0.0
objective function at this point: 0.7501399054125737
----step 1981
----step 1982
----step 1983
----step 1984
----step 1985
----step 1986
----step 1987
----step 1988
----step 1989
----step 1990
----step 1991
----step 1992
----step 1993
----step 1994
--------It's time to update MPC solutions!
--------Solve intersection:  1
_gams_py_gdb3776
-35.84000608268472
2.3424485794289017e-15
Vehicle cost at this point:  -0.03394923349548895
Pedestrian cost at this point:  0.0
objective function at this point: -0.027159386796391162
extension steps:  1
----step 1995
----step 1996
----step 1997
----step 1998
----step 1999
----step 2000
----step 2001
----step 2002
----step 2003
----step 2004
--------It's time to update MPC solutions!
--------Solve intersection:  1
_gams_py_gdb3782
-35.6460919705428
2.329648313967542e-15
Vehicle cost at this point:  -0.050531937244373215
Pedestrian cost at this point:  0.0
objective function at this point: -0.040425549795498575
----step 2005
----step 2006
----step 2007
----step 2008
----step 2009
----step 2010
----step 2011
----step 2012
----step 2013
----step 2014
----step 2015
----step 2016
----step 2017
----step 2018
--------It's time to update MPC solutions!
--------Solve intersection:  1
_gams_py_gdb3786
-35.47635176540015
2.3169871818264137e-15
Vehicle cost at this point:  -0.6305563177566962
Pedestrian cost at this point:  0.0
objective function at this point: -0.504445054205357
extension steps:  1
----step 2019
----step 2020
----step 2021
----step 2022
----step 2023
----step 2024
----step 2025
----step 2026
----step 2027
----step 2028
--------It's time to update MPC solutions!
----step 2029
--------It's time to update MPC solutions!
----step 2030
--------It's time to update MPC solutions!
----step 2031
--------It's time to update MPC solutions!
----step 2032
--------It's time to update MPC solutions!
----step 2033
--------It's time to update MPC solutions!
----step 2034
--------It's time to update MPC solutions!
----step 2035
--------It's time to update MPC solutions!
----step 2036
--------It's time to update MPC solutions!
----step 2037
--------It's time to update MPC solutions!
----step 2038
--------It's time to update MPC solutions!
----step 2039
--------It's time to update MPC solutions!
----step 2040
--------It's time to update MPC solutions!
----step 2041
--------It's time to update MPC solutions!
----step 2042
--------It's time to update MPC solutions!
----step 2043
--------It's time to update MPC solutions!
----step 2044
--------It's time to update MPC solutions!
----step 2045
--------It's time to update MPC solutions!
----step 2046
--------It's time to update MPC solutions!
----step 2047
--------It's time to update MPC solutions!
----step 2048
--------It's time to update MPC solutions!
----step 2049
--------It's time to update MPC solutions!
----step 2050
--------It's time to update MPC solutions!
----step 2051
--------It's time to update MPC solutions!
----step 2052
--------It's time to update MPC solutions!
----step 2053
--------It's time to update MPC solutions!
----step 2054
--------It's time to update MPC solutions!
----step 2055
--------It's time to update MPC solutions!
----step 2056
--------It's time to update MPC solutions!
----step 2057
--------It's time to update MPC solutions!
----step 2058
--------It's time to update MPC solutions!
----step 2059
--------It's time to update MPC solutions!
----step 2060
--------It's time to update MPC solutions!
----step 2061
--------It's time to update MPC solutions!
----step 2062
--------It's time to update MPC solutions!
----step 2063
--------It's time to update MPC solutions!
----step 2064
--------It's time to update MPC solutions!
----step 2065
--------It's time to update MPC solutions!
----step 2066
--------It's time to update MPC solutions!
----step 2067
--------It's time to update MPC solutions!
----step 2068
--------It's time to update MPC solutions!
----step 2069
--------It's time to update MPC solutions!
----step 2070
--------It's time to update MPC solutions!
----step 2071
--------It's time to update MPC solutions!
----step 2072
--------It's time to update MPC solutions!
----step 2073
--------It's time to update MPC solutions!
----step 2074
--------It's time to update MPC solutions!
----step 2075
--------It's time to update MPC solutions!
----step 2076
--------It's time to update MPC solutions!
----step 2077
--------It's time to update MPC solutions!
----step 2078
--------It's time to update MPC solutions!
----step 2079
--------It's time to update MPC solutions!
----step 2080
--------It's time to update MPC solutions!
----step 2081
--------It's time to update MPC solutions!
----step 2082
--------It's time to update MPC solutions!
----step 2083
--------It's time to update MPC solutions!
----step 2084
--------It's time to update MPC solutions!
----step 2085
--------It's time to update MPC solutions!
----step 2086
--------It's time to update MPC solutions!
----step 2087
--------It's time to update MPC solutions!
----step 2088
--------It's time to update MPC solutions!
----step 2089
--------It's time to update MPC solutions!
----step 2090
--------It's time to update MPC solutions!
----step 2091
--------It's time to update MPC solutions!
----step 2092
--------It's time to update MPC solutions!
----step 2093
--------It's time to update MPC solutions!
----step 2094
--------It's time to update MPC solutions!
----step 2095
--------It's time to update MPC solutions!
----step 2096
--------It's time to update MPC solutions!
----step 2097
--------It's time to update MPC solutions!
----step 2098
--------It's time to update MPC solutions!
----step 2099
--------It's time to update MPC solutions!
----step 2100
Warning: Person 'person_EW_n.1' is jammed on edge ':1_w1', time=1081.00.
Warning: Person 'person_WE_s.8' is jammed on edge ':1_w3', time=1083.00.
Warning: Person 'person_WN_diag.9' is jammed on edge ':1_w3', time=1087.00.
Warning: Person 'person_NE_diag.6' is jammed on edge ':1_w0', time=1091.50.
Warning: Person 'person_NS_w.20' is jammed on edge ':1_w0', time=1107.00.
Warning: Person 'person_WN_diag.11' is jammed on edge ':1_w3', time=1107.50.
Warning: Person 'person_WN_diag.14' is jammed on edge ':1_w3', time=1110.00.
--------It's time to update MPC solutions!
----step 2101
--------It's time to update MPC solutions!
----step 2102
--------It's time to update MPC solutions!
----step 2103
--------It's time to update MPC solutions!
----step 2104
--------It's time to update MPC solutions!
----step 2105
--------It's time to update MPC solutions!
----step 2106
--------It's time to update MPC solutions!
----step 2107
--------It's time to update MPC solutions!
----step 2108
--------It's time to update MPC solutions!
----step 2109
--------It's time to update MPC solutions!
----step 2110
--------It's time to update MPC solutions!
----step 2111
--------It's time to update MPC solutions!
----step 2112
--------It's time to update MPC solutions!
----step 2113
--------It's time to update MPC solutions!
----step 2114
--------It's time to update MPC solutions!
----step 2115
--------It's time to update MPC solutions!
----step 2116
--------It's time to update MPC solutions!
----step 2117
--------It's time to update MPC solutions!
----step 2118
--------It's time to update MPC solutions!
----step 2119
--------It's time to update MPC solutions!
----step 2120
--------It's time to update MPC solutions!
----step 2121
--------It's time to update MPC solutions!
----step 2122
--------It's time to update MPC solutions!
----step 2123
--------It's time to update MPC solutions!
----step 2124
--------It's time to update MPC solutions!
----step 2125
--------It's time to update MPC solutions!
----step 2126
--------It's time to update MPC solutions!
----step 2127
--------It's time to update MPC solutions!
----step 2128
--------It's time to update MPC solutions!
----step 2129
--------It's time to update MPC solutions!
----step 2130
--------It's time to update MPC solutions!
----step 2131
--------It's time to update MPC solutions!
----step 2132
--------It's time to update MPC solutions!
----step 2133
--------It's time to update MPC solutions!
----step 2134
--------It's time to update MPC solutions!
----step 2135
--------It's time to update MPC solutions!
----step 2136
--------It's time to update MPC solutions!
----step 2137
--------It's time to update MPC solutions!
----step 2138
--------It's time to update MPC solutions!
----step 2139
--------It's time to update MPC solutions!
----step 2140
--------It's time to update MPC solutions!
----step 2141
--------It's time to update MPC solutions!
----step 2142
--------It's time to update MPC solutions!
----step 2143
--------It's time to update MPC solutions!
----step 2144
--------It's time to update MPC solutions!
----step 2145
--------It's time to update MPC solutions!
----step 2146
--------It's time to update MPC solutions!
----step 2147
--------It's time to update MPC solutions!
----step 2148
--------It's time to update MPC solutions!
----step 2149
--------It's time to update MPC solutions!
----step 2150
--------It's time to update MPC solutions!
----step 2151
--------It's time to update MPC solutions!
----step 2152
--------It's time to update MPC solutions!
----step 2153
--------It's time to update MPC solutions!
----step 2154
--------It's time to update MPC solutions!
----step 2155
--------It's time to update MPC solutions!
----step 2156
--------It's time to update MPC solutions!
----step 2157
--------It's time to update MPC solutions!
----step 2158
--------It's time to update MPC solutions!
----step 2159
--------It's time to update MPC solutions!
----step 2160
--------It's time to update MPC solutions!
----step 2161
--------It's time to update MPC solutions!
----step 2162
--------It's time to update MPC solutions!
----step 2163
--------It's time to update MPC solutions!
----step 2164
--------It's time to update MPC solutions!
----step 2165
--------It's time to update MPC solutions!
----step 2166
--------It's time to update MPC solutions!
----step 2167
--------It's time to update MPC solutions!
----step 2168
--------It's time to update MPC solutions!
----step 2169
--------It's time to update MPC solutions!
----step 2170
--------It's time to update MPC solutions!
----step 2171
--------It's time to update MPC solutions!
----step 2172
--------It's time to update MPC solutions!
----step 2173
--------It's time to update MPC solutions!
----step 2174
--------It's time to update MPC solutions!
----step 2175
--------It's time to update MPC solutions!
----step 2176
--------It's time to update MPC solutions!
----step 2177
--------It's time to update MPC solutions!
----step 2178
--------It's time to update MPC solutions!
----step 2179
--------It's time to update MPC solutions!
----step 2180
--------It's time to update MPC solutions!
----step 2181
--------It's time to update MPC solutions!
----step 2182
--------It's time to update MPC solutions!
----step 2183
--------It's time to update MPC solutions!
----step 2184
--------It's time to update MPC solutions!
----step 2185
--------It's time to update MPC solutions!
----step 2186
--------It's time to update MPC solutions!
----step 2187
--------It's time to update MPC solutions!
----step 2188
--------It's time to update MPC solutions!
----step 2189
--------It's time to update MPC solutions!
----step 2190
--------It's time to update MPC solutions!
----step 2191
--------It's time to update MPC solutions!
----step 2192
--------It's time to update MPC solutions!
----step 2193
--------It's time to update MPC solutions!
----step 2194
--------It's time to update MPC solutions!
----step 2195
--------It's time to update MPC solutions!
----step 2196
--------It's time to update MPC solutions!
----step 2197
--------It's time to update MPC solutions!
----step 2198
--------It's time to update MPC solutions!
----step 2199
--------It's time to update MPC solutions!
----step 2200
--------It's time to update MPC solutions!
----step 2201
--------It's time to update MPC solutions!
----step 2202
--------It's time to update MPC solutions!
----step 2203
--------It's time to update MPC solutions!
----step 2204
--------It's time to update MPC solutions!
----step 2205
--------It's time to update MPC solutions!
----step 2206
--------It's time to update MPC solutions!
----step 2207
--------It's time to update MPC solutions!
----step 2208
--------It's time to update MPC solutions!
----step 2209
--------It's time to update MPC solutions!
----step 2210
--------It's time to update MPC solutions!
----step 2211
--------It's time to update MPC solutions!
----step 2212
--------It's time to update MPC solutions!
----step 2213
--------It's time to update MPC solutions!
----step 2214
--------It's time to update MPC solutions!
----step 2215
--------It's time to update MPC solutions!
----step 2216
--------It's time to update MPC solutions!
----step 2217
--------It's time to update MPC solutions!
----step 2218
--------It's time to update MPC solutions!
----step 2219
--------It's time to update MPC solutions!
----step 2220
--------It's time to update MPC solutions!
----step 2221
--------It's time to update MPC solutions!
----step 2222
--------It's time to update MPC solutions!
----step 2223
--------It's time to update MPC solutions!
----step 2224
--------It's time to update MPC solutions!
----step 2225
--------It's time to update MPC solutions!
----step 2226
--------It's time to update MPC solutions!
----step 2227
--------It's time to update MPC solutions!
----step 2228
--------It's time to update MPC solutions!
----step 2229
--------It's time to update MPC solutions!
----step 2230
--------It's time to update MPC solutions!
----step 2231
--------It's time to update MPC solutions!
----step 2232
--------It's time to update MPC solutions!
----step 2233
--------It's time to update MPC solutions!
----step 2234
--------It's time to update MPC solutions!
----step 2235
--------It's time to update MPC solutions!
----step 2236
--------It's time to update MPC solutions!
----step 2237
--------It's time to update MPC solutions!
----step 2238
--------It's time to update MPC solutions!
----step 2239
--------It's time to update MPC solutions!
----step 2240
--------It's time to update MPC solutions!
----step 2241
--------It's time to update MPC solutions!
----step 2242
--------It's time to update MPC solutions!
----step 2243
Warning: Person 'person_NS_w.11' is jammed on edge ':1_w0', time=1123.50.
Warning: Person 'person_SW_diag.6' is jammed on edge ':1_w2', time=1123.50.
Warning: Person 'person_EW_n.2' is jammed on edge ':1_w1', time=1133.00.
Warning: Person 'person_NE_diag.9' is jammed on edge ':1_w0', time=1142.50.
--------It's time to update MPC solutions!
----step 2244
--------It's time to update MPC solutions!
----step 2245
--------It's time to update MPC solutions!
----step 2246
--------It's time to update MPC solutions!
----step 2247
--------It's time to update MPC solutions!
----step 2248
--------It's time to update MPC solutions!
----step 2249
--------It's time to update MPC solutions!
----step 2250
--------It's time to update MPC solutions!
----step 2251
--------It's time to update MPC solutions!
----step 2252
--------It's time to update MPC solutions!
----step 2253
--------It's time to update MPC solutions!
----step 2254
--------It's time to update MPC solutions!
----step 2255
--------It's time to update MPC solutions!
----step 2256
--------It's time to update MPC solutions!
----step 2257
--------It's time to update MPC solutions!
----step 2258
--------It's time to update MPC solutions!
----step 2259
--------It's time to update MPC solutions!
----step 2260
--------It's time to update MPC solutions!
----step 2261
--------It's time to update MPC solutions!
----step 2262
--------It's time to update MPC solutions!
----step 2263
--------It's time to update MPC solutions!
----step 2264
--------It's time to update MPC solutions!
----step 2265
--------It's time to update MPC solutions!
----step 2266
--------It's time to update MPC solutions!
----step 2267
--------It's time to update MPC solutions!
----step 2268
--------It's time to update MPC solutions!
----step 2269
--------It's time to update MPC solutions!
----step 2270
--------It's time to update MPC solutions!
----step 2271
--------It's time to update MPC solutions!
----step 2272
--------It's time to update MPC solutions!
----step 2273
--------It's time to update MPC solutions!
----step 2274
--------It's time to update MPC solutions!
----step 2275
--------It's time to update MPC solutions!
----step 2276
--------It's time to update MPC solutions!
----step 2277
--------It's time to update MPC solutions!
----step 2278
--------It's time to update MPC solutions!
----step 2279
--------It's time to update MPC solutions!
----step 2280
--------It's time to update MPC solutions!
----step 2281
--------It's time to update MPC solutions!
----step 2282
--------It's time to update MPC solutions!
----step 2283
--------It's time to update MPC solutions!
----step 2284
--------It's time to update MPC solutions!
----step 2285
--------It's time to update MPC solutions!
----step 2286
--------It's time to update MPC solutions!
----step 2287
--------It's time to update MPC solutions!
----step 2288
--------It's time to update MPC solutions!
----step 2289
--------It's time to update MPC solutions!
----step 2290
--------It's time to update MPC solutions!
----step 2291
--------It's time to update MPC solutions!
----step 2292
--------It's time to update MPC solutions!
----step 2293
--------It's time to update MPC solutions!
----step 2294
--------It's time to update MPC solutions!
----step 2295
--------It's time to update MPC solutions!
----step 2296
--------It's time to update MPC solutions!
----step 2297
--------It's time to update MPC solutions!
----step 2298
--------It's time to update MPC solutions!
----step 2299
--------It's time to update MPC solutions!
----step 2300
--------It's time to update MPC solutions!
----step 2301
--------It's time to update MPC solutions!
----step 2302
--------It's time to update MPC solutions!
----step 2303
--------It's time to update MPC solutions!
----step 2304
--------It's time to update MPC solutions!
----step 2305
--------It's time to update MPC solutions!
----step 2306
--------It's time to update MPC solutions!
----step 2307
--------It's time to update MPC solutions!
----step 2308
--------It's time to update MPC solutions!
----step 2309
--------It's time to update MPC solutions!
----step 2310
--------It's time to update MPC solutions!
----step 2311
--------It's time to update MPC solutions!
----step 2312
--------It's time to update MPC solutions!
----step 2313
--------It's time to update MPC solutions!
----step 2314
--------It's time to update MPC solutions!
----step 2315
--------It's time to update MPC solutions!
----step 2316
--------It's time to update MPC solutions!
----step 2317
--------It's time to update MPC solutions!
----step 2318
--------It's time to update MPC solutions!
----step 2319
--------It's time to update MPC solutions!
----step 2320
--------It's time to update MPC solutions!
----step 2321
--------It's time to update MPC solutions!
----step 2322
--------It's time to update MPC solutions!
----step 2323
--------It's time to update MPC solutions!
----step 2324
--------It's time to update MPC solutions!
----step 2325
--------It's time to update MPC solutions!
----step 2326
--------It's time to update MPC solutions!
----step 2327
--------It's time to update MPC solutions!
----step 2328
--------It's time to update MPC solutions!
----step 2329
--------It's time to update MPC solutions!
----step 2330
--------It's time to update MPC solutions!
----step 2331
--------It's time to update MPC solutions!
----step 2332
--------It's time to update MPC solutions!
----step 2333
--------It's time to update MPC solutions!
----step 2334
--------It's time to update MPC solutions!
----step 2335
--------It's time to update MPC solutions!
----step 2336
--------It's time to update MPC solutions!
----step 2337
--------It's time to update MPC solutions!
----step 2338
--------It's time to update MPC solutions!
----step 2339
--------It's time to update MPC solutions!
----step 2340
--------It's time to update MPC solutions!
----step 2341
--------It's time to update MPC solutions!
----step 2342
--------It's time to update MPC solutions!
----step 2343
--------It's time to update MPC solutions!
----step 2344
--------It's time to update MPC solutions!
----step 2345
--------It's time to update MPC solutions!
----step 2346
--------It's time to update MPC solutions!
----step 2347
--------It's time to update MPC solutions!
----step 2348
--------It's time to update MPC solutions!
----step 2349
--------It's time to update MPC solutions!
----step 2350
--------It's time to update MPC solutions!
----step 2351
--------It's time to update MPC solutions!
----step 2352
--------It's time to update MPC solutions!
----step 2353
--------It's time to update MPC solutions!
----step 2354
--------It's time to update MPC solutions!
----step 2355
--------It's time to update MPC solutions!
----step 2356
--------It's time to update MPC solutions!
----step 2357
--------It's time to update MPC solutions!
----step 2358
--------It's time to update MPC solutions!
----step 2359
--------It's time to update MPC solutions!
----step 2360
--------It's time to update MPC solutions!
----step 2361
--------It's time to update MPC solutions!
----step 2362
--------It's time to update MPC solutions!
----step 2363
--------It's time to update MPC solutions!
----step 2364
--------It's time to update MPC solutions!
----step 2365
--------It's time to update MPC solutions!
----step 2366
--------It's time to update MPC solutions!
----step 2367
--------It's time to update MPC solutions!
----step 2368
--------It's time to update MPC solutions!
----step 2369
--------It's time to update MPC solutions!
----step 2370
--------It's time to update MPC solutions!
----step 2371
--------It's time to update MPC solutions!
----step 2372
--------It's time to update MPC solutions!
----step 2373
--------It's time to update MPC solutions!
----step 2374
--------It's time to update MPC solutions!
----step 2375
--------It's time to update MPC solutions!
----step 2376
--------It's time to update MPC solutions!
----step 2377
--------It's time to update MPC solutions!
----step 2378
--------It's time to update MPC solutions!
----step 2379
--------It's time to update MPC solutions!
----step 2380
--------It's time to update MPC solutions!
----step 2381
--------It's time to update MPC solutions!
----step 2382
--------It's time to update MPC solutions!
----step 2383
--------It's time to update MPC solutions!
----step 2384
--------It's time to update MPC solutions!
----step 2385
--------It's time to update MPC solutions!
----step 2386
--------It's time to update MPC solutions!
----step 2387
--------It's time to update MPC solutions!
----step 2388
--------It's time to update MPC solutions!
----step 2389
--------It's time to update MPC solutions!
----step 2390
--------It's time to update MPC solutions!
----step 2391
--------It's time to update MPC solutions!
----step 2392
--------It's time to update MPC solutions!
----step 2393
--------It's time to update MPC solutions!
----step 2394
--------It's time to update MPC solutions!
----step 2395
--------It's time to update MPC solutions!
----step 2396
--------It's time to update MPC solutions!
----step 2397
--------It's time to update MPC solutions!
----step 2398
--------It's time to update MPC solutions!
----step 2399
--------It's time to update MPC solutions!
----step 2400
--------It's time to update MPC solutions!
----step 2401
--------It's time to update MPC solutions!
----step 2402
--------It's time to update MPC solutions!
----step 2403
--------It's time to update MPC solutions!
----step 2404
--------It's time to update MPC solutions!
----step 2405
--------It's time to update MPC solutions!
----step 2406
--------It's time to update MPC solutions!
----step 2407
--------It's time to update MPC solutions!
----step 2408
--------It's time to update MPC solutions!
----step 2409
--------It's time to update MPC solutions!
----step 2410
--------It's time to update MPC solutions!
----step 2411
--------It's time to update MPC solutions!
----step 2412
--------It's time to update MPC solutions!
----step 2413
--------It's time to update MPC solutions!
----step 2414
--------It's time to update MPC solutions!
----step 2415
--------It's time to update MPC solutions!
----step 2416
--------It's time to update MPC solutions!
----step 2417
--------It's time to update MPC solutions!
----step 2418
--------It's time to update MPC solutions!
----step 2419
--------It's time to update MPC solutions!
----step 2420
--------It's time to update MPC solutions!
----step 2421
--------It's time to update MPC solutions!
----step 2422
--------It's time to update MPC solutions!
----step 2423
--------It's time to update MPC solutions!
----step 2424
--------It's time to update MPC solutions!
----step 2425
--------It's time to update MPC solutions!
----step 2426
--------It's time to update MPC solutions!
----step 2427
--------It's time to update MPC solutions!
----step 2428
--------It's time to update MPC solutions!
----step 2429
--------It's time to update MPC solutions!
----step 2430
--------It's time to update MPC solutions!
----step 2431
--------It's time to update MPC solutions!
----step 2432
--------It's time to update MPC solutions!
----step 2433
--------It's time to update MPC solutions!
----step 2434
--------It's time to update MPC solutions!
----step 2435
--------It's time to update MPC solutions!
----step 2436
--------It's time to update MPC solutions!
----step 2437
--------It's time to update MPC solutions!
----step 2438
--------It's time to update MPC solutions!
----step 2439
--------It's time to update MPC solutions!
----step 2440
--------It's time to update MPC solutions!
----step 2441
--------It's time to update MPC solutions!
----step 2442
--------It's time to update MPC solutions!
----step 2443
--------It's time to update MPC solutions!
----step 2444
--------It's time to update MPC solutions!
----step 2445
--------It's time to update MPC solutions!
----step 2446
--------It's time to update MPC solutions!
----step 2447
--------It's time to update MPC solutions!
----step 2448
--------It's time to update MPC solutions!
----step 2449
--------It's time to update MPC solutions!
----step 2450
--------It's time to update MPC solutions!
----step 2451
--------It's time to update MPC solutions!
----step 2452
--------It's time to update MPC solutions!
----step 2453
--------It's time to update MPC solutions!
----step 2454
--------It's time to update MPC solutions!
----step 2455
--------It's time to update MPC solutions!
----step 2456
--------It's time to update MPC solutions!
----step 2457
--------It's time to update MPC solutions!
----step 2458
--------It's time to update MPC solutions!
----step 2459
--------It's time to update MPC solutions!
----step 2460
--------It's time to update MPC solutions!
----step 2461
--------It's time to update MPC solutions!
----step 2462
--------It's time to update MPC solutions!
----step 2463
--------It's time to update MPC solutions!
----step 2464
--------It's time to update MPC solutions!
----step 2465
--------It's time to update MPC solutions!
----step 2466
--------It's time to update MPC solutions!
----step 2467
--------It's time to update MPC solutions!
----step 2468
--------It's time to update MPC solutions!
----step 2469
--------It's time to update MPC solutions!
----step 2470
--------It's time to update MPC solutions!
----step 2471
--------It's time to update MPC solutions!
----step 2472
--------It's time to update MPC solutions!
----step 2473
--------It's time to update MPC solutions!
----step 2474
--------It's time to update MPC solutions!
----step 2475
--------It's time to update MPC solutions!
----step 2476
--------It's time to update MPC solutions!
----step 2477
--------It's time to update MPC solutions!
----step 2478
--------It's time to update MPC solutions!
----step 2479
--------It's time to update MPC solutions!
----step 2480
--------It's time to update MPC solutions!
----step 2481
--------It's time to update MPC solutions!
----step 2482
--------It's time to update MPC solutions!
----step 2483
--------It's time to update MPC solutions!
----step 2484
--------It's time to update MPC solutions!
----step 2485
--------It's time to update MPC solutions!
----step 2486
--------It's time to update MPC solutions!
----step 2487
--------It's time to update MPC solutions!
----step 2488
--------It's time to update MPC solutions!
----step 2489
--------It's time to update MPC solutions!
----step 2490
--------It's time to update MPC solutions!
----step 2491
--------It's time to update MPC solutions!
----step 2492
--------It's time to update MPC solutions!
----step 2493
--------It's time to update MPC solutions!
----step 2494
--------It's time to update MPC solutions!
----step 2495
--------It's time to update MPC solutions!
----step 2496
--------It's time to update MPC solutions!
----step 2497
--------It's time to update MPC solutions!
----step 2498
--------It's time to update MPC solutions!
----step 2499
--------It's time to update MPC solutions!
----step 2500
--------It's time to update MPC solutions!
----step 2501
--------It's time to update MPC solutions!
----step 2502
--------It's time to update MPC solutions!
----step 2503
--------It's time to update MPC solutions!
----step 2504
--------It's time to update MPC solutions!
----step 2505
--------It's time to update MPC solutions!
----step 2506
--------It's time to update MPC solutions!
----step 2507
--------It's time to update MPC solutions!
----step 2508
--------It's time to update MPC solutions!
----step 2509
--------It's time to update MPC solutions!
----step 2510
--------It's time to update MPC solutions!
----step 2511
--------It's time to update MPC solutions!
----step 2512
--------It's time to update MPC solutions!
----step 2513
--------It's time to update MPC solutions!
----step 2514
--------It's time to update MPC solutions!
----step 2515
--------It's time to update MPC solutions!
----step 2516
--------It's time to update MPC solutions!
----step 2517
--------It's time to update MPC solutions!
----step 2518
--------It's time to update MPC solutions!
----step 2519
--------It's time to update MPC solutions!
----step 2520
--------It's time to update MPC solutions!
----step 2521
--------It's time to update MPC solutions!
----step 2522
--------It's time to update MPC solutions!
----step 2523
--------It's time to update MPC solutions!
----step 2524
--------It's time to update MPC solutions!
----step 2525
--------It's time to update MPC solutions!
----step 2526
--------It's time to update MPC solutions!
----step 2527
--------It's time to update MPC solutions!
----step 2528
--------It's time to update MPC solutions!
----step 2529
Simulation ended at time: 1283.00.
Reason: TraCI requested termination.
Performance:
 Duration: 280.69s
 TraCI-Duration: 280.15s
 Real time factor: 4.57086
 UPS: 231.407491
 UPS-Persons: 385.552084
Vehicles:
 Inserted: 502
 Running: 0
 Waiting: 0
Persons:
 Inserted: 100
 Running: 0
 Jammed: 67
DijkstraRouter answered 73738 queries and explored 17.54 edges on average.
DijkstraRouter spent 0.05s answering queries (0.00ms on average).
DijkstraRouter answered 50 queries and explored 37.00 edges on average.
DijkstraRouter spent 0.00s answering queries (0.02ms on average).
--------It's time to update MPC solutions!
----step 2530
--------It's time to update MPC solutions!
----step 2531
--------It's time to update MPC solutions!
----step 2532
--------It's time to update MPC solutions!
----step 2533
--------It's time to update MPC solutions!
----step 2534
--------It's time to update MPC solutions!
----step 2535
--------It's time to update MPC solutions!
----step 2536
--------It's time to update MPC solutions!
----step 2537
--------It's time to update MPC solutions!
----step 2538
--------It's time to update MPC solutions!
----step 2539
--------It's time to update MPC solutions!
----step 2540
--------It's time to update MPC solutions!
----step 2541
--------It's time to update MPC solutions!
----step 2542
--------It's time to update MPC solutions!
----step 2543
--------It's time to update MPC solutions!
----step 2544
--------It's time to update MPC solutions!
----step 2545
--------It's time to update MPC solutions!
----step 2546
--------It's time to update MPC solutions!
----step 2547
--------It's time to update MPC solutions!
----step 2548
--------It's time to update MPC solutions!
----step 2549
--------It's time to update MPC solutions!
----step 2550
--------It's time to update MPC solutions!
----step 2551
--------It's time to update MPC solutions!
----step 2552
--------It's time to update MPC solutions!
----step 2553
--------It's time to update MPC solutions!
----step 2554
--------It's time to update MPC solutions!
----step 2555
--------It's time to update MPC solutions!
----step 2556
--------It's time to update MPC solutions!
----step 2557
--------It's time to update MPC solutions!
----step 2558
--------It's time to update MPC solutions!
----step 2559
--------It's time to update MPC solutions!
----step 2560
--------It's time to update MPC solutions!
----step 2561
--------It's time to update MPC solutions!
----step 2562
--------It's time to update MPC solutions!
----step 2563
--------It's time to update MPC solutions!
----step 2564
--------It's time to update MPC solutions!
----step 2565
--------It's time to update MPC solutions!
Traceback (most recent call last):
  File "/home/naderian/Desktop/Shakiba/Shakiba97-MMSVCC/MMSVCC/run_exclusive_asymmetric.py", line 103, in <module>
    run_scenario(weight, ped_label, poisson_gamma, seed)
  File "/home/naderian/Desktop/Shakiba/Shakiba97-MMSVCC/MMSVCC/run_exclusive_asymmetric.py", line 77, in run_scenario
    env.performance_results(phase_list_multi, duration_list_multi,
  File "/home/naderian/Desktop/Shakiba/Shakiba97-MMSVCC/MMSVCC/environment/single_intersection.py", line 478, in performance_results
    self.get_average_delay_endtime(tripinfo_file)
  File "/home/naderian/Desktop/Shakiba/Shakiba97-MMSVCC/MMSVCC/environment/single_intersection.py", line 587, in get_average_delay_endtime
    tree = ET.parse(file)
  File "/home/naderian/miniconda3/envs/MMSVCC/lib/python3.10/xml/etree/ElementTree.py", line 1222, in parse
    tree.parse(source, parser)
  File "/home/naderian/miniconda3/envs/MMSVCC/lib/python3.10/xml/etree/ElementTree.py", line 580, in parse
    self._root = parser._parse_whole(source)
xml.etree.ElementTree.ParseError: not well-formed (invalid token): line 383, column 3
